"","sub_id","condition","session","mean_correct","num_correct","phase"
"1",1,0,1,0.266666666666667,8,0
"2",1,0,2,0.233333333333333,7,0
"3",1,0,3,0.233333333333333,7,0
"4",1,0,4,0.2,6,0
"5",1,0,5,0.466666666666667,14,0
"6",1,0,6,0.166666666666667,5,1
"7",1,0,7,0.2,6,1
"8",1,0,8,0.2,6,1
"9",1,0,9,0.233333333333333,7,1
"10",1,0,10,0.333333333333333,10,1
"11",1,0,11,0.3,9,1
"12",1,0,12,0.366666666666667,11,1
"13",1,0,13,0.266666666666667,8,1
"14",1,0,14,0.533333333333333,16,1
"15",1,0,15,0.366666666666667,11,1
"16",1,1,1,0.0666666666666667,2,0
"17",1,1,2,0,0,0
"18",1,1,3,0.233333333333333,7,0
"19",1,1,4,0.133333333333333,4,0
"20",1,1,5,0.0333333333333333,1,0
"21",1,1,6,0.233333333333333,7,1
"22",1,1,7,0.366666666666667,11,1
"23",1,1,8,0.466666666666667,14,1
"24",1,1,9,0.466666666666667,14,1
"25",1,1,10,0.666666666666667,20,1
"26",1,1,11,0.666666666666667,20,1
"27",1,1,12,0.833333333333333,25,1
"28",1,1,13,0.833333333333333,25,1
"29",1,1,14,0.766666666666667,23,1
"30",1,1,15,0.8,24,1
"31",2,0,1,0.0333333333333333,1,0
"32",2,0,2,0,0,0
"33",2,0,3,0.1,3,0
"34",2,0,4,0.133333333333333,4,0
"35",2,0,5,0.133333333333333,4,0
"36",2,0,6,0.166666666666667,5,1
"37",2,0,7,0.266666666666667,8,1
"38",2,0,8,0.233333333333333,7,1
"39",2,0,9,0.266666666666667,8,1
"40",2,0,10,0.333333333333333,10,1
"41",2,0,11,0.366666666666667,11,1
"42",2,0,12,0.366666666666667,11,1
"43",2,0,13,0.3,9,1
"44",2,0,14,0.3,9,1
"45",2,0,15,0.233333333333333,7,1
"46",2,1,1,0.1,3,0
"47",2,1,2,0.0333333333333333,1,0
"48",2,1,3,0.1,3,0
"49",2,1,4,0.1,3,0
"50",2,1,5,0.2,6,0
"51",2,1,6,0.166666666666667,5,1
"52",2,1,7,0.4,12,1
"53",2,1,8,0.3,9,1
"54",2,1,9,0.4,12,1
"55",2,1,10,0.5,15,1
"56",2,1,11,0.433333333333333,13,1
"57",2,1,12,0.666666666666667,20,1
"58",2,1,13,0.666666666666667,20,1
"59",2,1,14,0.566666666666667,17,1
"60",2,1,15,0.666666666666667,20,1
"61",3,0,1,0.2,6,0
"62",3,0,2,0.166666666666667,5,0
"63",3,0,3,0.166666666666667,5,0
"64",3,0,4,0.166666666666667,5,0
"65",3,0,5,0.3,9,0
"66",3,0,6,0.466666666666667,14,1
"67",3,0,7,0.333333333333333,10,1
"68",3,0,8,0.433333333333333,13,1
"69",3,0,9,0.366666666666667,11,1
"70",3,0,10,0.433333333333333,13,1
"71",3,0,11,0.4,12,1
"72",3,0,12,0.5,15,1
"73",3,0,13,0.566666666666667,17,1
"74",3,0,14,0.533333333333333,16,1
"75",3,0,15,0.433333333333333,13,1
"76",3,1,1,0.2,6,0
"77",3,1,2,0.3,9,0
"78",3,1,3,0.3,9,0
"79",3,1,4,0.2,6,0
"80",3,1,5,0.266666666666667,8,0
"81",3,1,6,0.5,15,1
"82",3,1,7,0.566666666666667,17,1
"83",3,1,8,0.5,15,1
"84",3,1,9,0.633333333333333,19,1
"85",3,1,10,0.466666666666667,14,1
"86",3,1,11,0.433333333333333,13,1
"87",3,1,12,0.6,18,1
"88",3,1,13,0.7,21,1
"89",3,1,14,0.666666666666667,20,1
"90",3,1,15,0.633333333333333,19,1
"91",4,0,1,0.3,9,0
"92",4,0,2,0.3,9,0
"93",4,0,3,0.3,9,0
"94",4,0,4,0.3,9,0
"95",4,0,5,0.366666666666667,11,0
"96",4,0,6,0.233333333333333,7,1
"97",4,0,7,0.3,9,1
"98",4,0,8,0.4,12,1
"99",4,0,9,0.566666666666667,17,1
"100",4,0,10,0.4,12,1
"101",4,0,11,0.333333333333333,10,1
"102",4,0,12,0.266666666666667,8,1
"103",4,0,13,0.233333333333333,7,1
"104",4,0,14,0.2,6,1
"105",4,0,15,0.3,9,1
"106",4,1,1,0.166666666666667,5,0
"107",4,1,2,0.166666666666667,5,0
"108",4,1,3,0.2,6,0
"109",4,1,4,0.133333333333333,4,0
"110",4,1,5,0.2,6,0
"111",4,1,6,0.166666666666667,5,1
"112",4,1,7,0.3,9,1
"113",4,1,8,0.633333333333333,19,1
"114",4,1,9,0.566666666666667,17,1
"115",4,1,10,0.533333333333333,16,1
"116",4,1,11,0.466666666666667,14,1
"117",4,1,12,0.766666666666667,23,1
"118",4,1,13,0.766666666666667,23,1
"119",4,1,14,0.833333333333333,25,1
"120",4,1,15,0.833333333333333,25,1
"121",5,0,1,0.166666666666667,5,0
"122",5,0,2,0.233333333333333,7,0
"123",5,0,3,0.2,6,0
"124",5,0,4,0.333333333333333,10,0
"125",5,0,5,0.266666666666667,8,0
"126",5,0,6,0.266666666666667,8,1
"127",5,0,7,0.4,12,1
"128",5,0,8,0.4,12,1
"129",5,0,9,0.233333333333333,7,1
"130",5,0,10,0.3,9,1
"131",5,0,11,0.166666666666667,5,1
"132",5,0,12,0.333333333333333,10,1
"133",5,0,13,0.333333333333333,10,1
"134",5,0,14,0.266666666666667,8,1
"135",5,0,15,0.366666666666667,11,1
"136",5,1,1,0.166666666666667,5,0
"137",5,1,2,0.133333333333333,4,0
"138",5,1,3,0.166666666666667,5,0
"139",5,1,4,0.0333333333333333,1,0
"140",5,1,5,0.133333333333333,4,0
"141",5,1,6,0.233333333333333,7,1
"142",5,1,7,0.4,12,1
"143",5,1,8,0.533333333333333,16,1
"144",5,1,9,0.533333333333333,16,1
"145",5,1,10,0.466666666666667,14,1
"146",5,1,11,0.533333333333333,16,1
"147",5,1,12,0.566666666666667,17,1
"148",5,1,13,0.6,18,1
"149",5,1,14,0.533333333333333,16,1
"150",5,1,15,0.633333333333333,19,1
"151",6,0,1,0.2,6,0
"152",6,0,2,0.2,6,0
"153",6,0,3,0.1,3,0
"154",6,0,4,0.1,3,0
"155",6,0,5,0.166666666666667,5,0
"156",6,0,6,0.266666666666667,8,1
"157",6,0,7,0.266666666666667,8,1
"158",6,0,8,0.266666666666667,8,1
"159",6,0,9,0.3,9,1
"160",6,0,10,0.333333333333333,10,1
"161",6,0,11,0.333333333333333,10,1
"162",6,0,12,0.233333333333333,7,1
"163",6,0,13,0.233333333333333,7,1
"164",6,0,14,0.433333333333333,13,1
"165",6,0,15,0.4,12,1
"166",6,1,1,0.2,6,0
"167",6,1,2,0.2,6,0
"168",6,1,3,0.2,6,0
"169",6,1,4,0.1,3,0
"170",6,1,5,0.3,9,0
"171",6,1,6,0.166666666666667,5,1
"172",6,1,7,0.333333333333333,10,1
"173",6,1,8,0.333333333333333,10,1
"174",6,1,9,0.433333333333333,13,1
"175",6,1,10,0.466666666666667,14,1
"176",6,1,11,0.466666666666667,14,1
"177",6,1,12,0.666666666666667,20,1
"178",6,1,13,0.666666666666667,20,1
"179",6,1,14,0.766666666666667,23,1
"180",6,1,15,0.766666666666667,23,1
"181",7,0,1,0.266666666666667,8,0
"182",7,0,2,0.2,6,0
"183",7,0,3,0.166666666666667,5,0
"184",7,0,4,0.233333333333333,7,0
"185",7,0,5,0.266666666666667,8,0
"186",7,0,6,0.166666666666667,5,1
"187",7,0,7,0.3,9,1
"188",7,0,8,0.366666666666667,11,1
"189",7,0,9,0.333333333333333,10,1
"190",7,0,10,0.366666666666667,11,1
"191",7,0,11,0.433333333333333,13,1
"192",7,0,12,0.466666666666667,14,1
"193",7,0,13,0.433333333333333,13,1
"194",7,0,14,0.366666666666667,11,1
"195",7,0,15,0.4,12,1
"196",7,1,1,0.3,9,0
"197",7,1,2,0.4,12,0
"198",7,1,3,0.266666666666667,8,0
"199",7,1,4,0.266666666666667,8,0
"200",7,1,5,0.233333333333333,7,0
"201",7,1,6,0.3,9,1
"202",7,1,7,0.5,15,1
"203",7,1,8,0.466666666666667,14,1
"204",7,1,9,0.5,15,1
"205",7,1,10,0.566666666666667,17,1
"206",7,1,11,0.533333333333333,16,1
"207",7,1,12,0.666666666666667,20,1
"208",7,1,13,0.8,24,1
"209",7,1,14,0.833333333333333,25,1
"210",7,1,15,0.9,27,1
"211",8,0,1,0.133333333333333,4,0
"212",8,0,2,0.133333333333333,4,0
"213",8,0,3,0.1,3,0
"214",8,0,4,0.133333333333333,4,0
"215",8,0,5,0.133333333333333,4,0
"216",8,0,6,0.166666666666667,5,1
"217",8,0,7,0.333333333333333,10,1
"218",8,0,8,0.266666666666667,8,1
"219",8,0,9,0.266666666666667,8,1
"220",8,0,10,0.2,6,1
"221",8,0,11,0.3,9,1
"222",8,0,12,0.3,9,1
"223",8,0,13,0.3,9,1
"224",8,0,14,0.333333333333333,10,1
"225",8,0,15,0.366666666666667,11,1
"226",8,1,1,0.3,9,0
"227",8,1,2,0.233333333333333,7,0
"228",8,1,3,0.233333333333333,7,0
"229",8,1,4,0.2,6,0
"230",8,1,5,0.233333333333333,7,0
"231",8,1,6,0.233333333333333,7,1
"232",8,1,7,0.2,6,1
"233",8,1,8,0.2,6,1
"234",8,1,9,0.2,6,1
"235",8,1,10,0.233333333333333,7,1
"236",8,1,11,0.133333333333333,4,1
"237",8,1,12,0.266666666666667,8,1
"238",8,1,13,0.3,9,1
"239",8,1,14,0.333333333333333,10,1
"240",8,1,15,0.4,12,1
"241",9,0,1,0,0,0
"242",9,0,2,0.0666666666666667,2,0
"243",9,0,3,0,0,0
"244",9,0,4,0,0,0
"245",9,0,5,0.0333333333333333,1,0
"246",9,0,6,0.1,3,1
"247",9,0,7,0.133333333333333,4,1
"248",9,0,8,0.0666666666666667,2,1
"249",9,0,9,0.0666666666666667,2,1
"250",9,0,10,0.133333333333333,4,1
"251",9,0,11,0.2,6,1
"252",9,0,12,0.166666666666667,5,1
"253",9,0,13,0.133333333333333,4,1
"254",9,0,14,0.133333333333333,4,1
"255",9,0,15,0.0333333333333333,1,1
"256",9,1,1,0.0333333333333333,1,0
"257",9,1,2,0.0666666666666667,2,0
"258",9,1,3,0.133333333333333,4,0
"259",9,1,4,0.0666666666666667,2,0
"260",9,1,5,0.0333333333333333,1,0
"261",9,1,6,0.0666666666666667,2,1
"262",9,1,7,0.1,3,1
"263",9,1,8,0.1,3,1
"264",9,1,9,0.1,3,1
"265",9,1,10,0.166666666666667,5,1
"266",9,1,11,0.2,6,1
"267",9,1,12,0.266666666666667,8,1
"268",9,1,13,0.3,9,1
"269",9,1,14,0.4,12,1
"270",9,1,15,0.5,15,1
"271",10,0,1,0.266666666666667,8,0
"272",10,0,2,0.2,6,0
"273",10,0,3,0.266666666666667,8,0
"274",10,0,4,0.3,9,0
"275",10,0,5,0.333333333333333,10,0
"276",10,0,6,0.233333333333333,7,1
"277",10,0,7,0.266666666666667,8,1
"278",10,0,8,0.3,9,1
"279",10,0,9,0.166666666666667,5,1
"280",10,0,10,0.233333333333333,7,1
"281",10,0,11,0.333333333333333,10,1
"282",10,0,12,0.333333333333333,10,1
"283",10,0,13,0.366666666666667,11,1
"284",10,0,14,0.3,9,1
"285",10,0,15,0.433333333333333,13,1
"286",10,1,1,0.266666666666667,8,0
"287",10,1,2,0.2,6,0
"288",10,1,3,0.333333333333333,10,0
"289",10,1,4,0.2,6,0
"290",10,1,5,0.266666666666667,8,0
"291",10,1,6,0.3,9,1
"292",10,1,7,0.433333333333333,13,1
"293",10,1,8,0.433333333333333,13,1
"294",10,1,9,0.466666666666667,14,1
"295",10,1,10,0.533333333333333,16,1
"296",10,1,11,0.666666666666667,20,1
"297",10,1,12,0.633333333333333,19,1
"298",10,1,13,0.7,21,1
"299",10,1,14,0.766666666666667,23,1
"300",10,1,15,0.833333333333333,25,1
"301",11,0,1,0,0,0
"302",11,0,2,0.166666666666667,5,0
"303",11,0,3,0.2,6,0
"304",11,0,4,0.1,3,0
"305",11,0,5,0.133333333333333,4,0
"306",11,0,6,0.0666666666666667,2,1
"307",11,0,7,0.2,6,1
"308",11,0,8,0.266666666666667,8,1
"309",11,0,9,0.3,9,1
"310",11,0,10,0.266666666666667,8,1
"311",11,0,11,0.2,6,1
"312",11,0,12,0.433333333333333,13,1
"313",11,0,13,0.433333333333333,13,1
"314",11,0,14,0.4,12,1
"315",11,0,15,0.333333333333333,10,1
"316",11,1,1,0.166666666666667,5,0
"317",11,1,2,0.266666666666667,8,0
"318",11,1,3,0.166666666666667,5,0
"319",11,1,4,0.133333333333333,4,0
"320",11,1,5,0.166666666666667,5,0
"321",11,1,6,0.166666666666667,5,1
"322",11,1,7,0.133333333333333,4,1
"323",11,1,8,0.233333333333333,7,1
"324",11,1,9,0.3,9,1
"325",11,1,10,0.4,12,1
"326",11,1,11,0.466666666666667,14,1
"327",11,1,12,0.366666666666667,11,1
"328",11,1,13,0.366666666666667,11,1
"329",11,1,14,0.6,18,1
"330",11,1,15,0.6,18,1
"331",12,0,1,0.2,6,0
"332",12,0,2,0.233333333333333,7,0
"333",12,0,3,0.2,6,0
"334",12,0,4,0.233333333333333,7,0
"335",12,0,5,0.1,3,0
"336",12,0,6,0.2,6,1
"337",12,0,7,0.166666666666667,5,1
"338",12,0,8,0.233333333333333,7,1
"339",12,0,9,0.233333333333333,7,1
"340",12,0,10,0.333333333333333,10,1
"341",12,0,11,0.4,12,1
"342",12,0,12,0.266666666666667,8,1
"343",12,0,13,0.166666666666667,5,1
"344",12,0,14,0.333333333333333,10,1
"345",12,0,15,0.366666666666667,11,1
"346",12,1,1,0.2,6,0
"347",12,1,2,0.233333333333333,7,0
"348",12,1,3,0.233333333333333,7,0
"349",12,1,4,0.2,6,0
"350",12,1,5,0.233333333333333,7,0
"351",12,1,6,0.4,12,1
"352",12,1,7,0.366666666666667,11,1
"353",12,1,8,0.566666666666667,17,1
"354",12,1,9,0.433333333333333,13,1
"355",12,1,10,0.533333333333333,16,1
"356",12,1,11,0.733333333333333,22,1
"357",12,1,12,0.766666666666667,23,1
"358",12,1,13,0.7,21,1
"359",12,1,14,0.766666666666667,23,1
"360",12,1,15,0.766666666666667,23,1
"361",13,0,1,0.266666666666667,8,0
"362",13,0,2,0.3,9,0
"363",13,0,3,0.2,6,0
"364",13,0,4,0.166666666666667,5,0
"365",13,0,5,0.4,12,0
"366",13,0,6,0.366666666666667,11,1
"367",13,0,7,0.3,9,1
"368",13,0,8,0.233333333333333,7,1
"369",13,0,9,0.3,9,1
"370",13,0,10,0.366666666666667,11,1
"371",13,0,11,0.4,12,1
"372",13,0,12,0.333333333333333,10,1
"373",13,0,13,0.4,12,1
"374",13,0,14,0.4,12,1
"375",13,0,15,0.4,12,1
"376",13,1,1,0.2,6,0
"377",13,1,2,0.2,6,0
"378",13,1,3,0.133333333333333,4,0
"379",13,1,4,0.2,6,0
"380",13,1,5,0.166666666666667,5,0
"381",13,1,6,0.433333333333333,13,1
"382",13,1,7,0.466666666666667,14,1
"383",13,1,8,0.766666666666667,23,1
"384",13,1,9,0.633333333333333,19,1
"385",13,1,10,0.7,21,1
"386",13,1,11,0.733333333333333,22,1
"387",13,1,12,0.633333333333333,19,1
"388",13,1,13,0.766666666666667,23,1
"389",13,1,14,0.766666666666667,23,1
"390",13,1,15,0.833333333333333,25,1
"391",14,0,1,0.3,9,0
"392",14,0,2,0.333333333333333,10,0
"393",14,0,3,0.166666666666667,5,0
"394",14,0,4,0.2,6,0
"395",14,0,5,0.3,9,0
"396",14,0,6,0.366666666666667,11,1
"397",14,0,7,0.266666666666667,8,1
"398",14,0,8,0.4,12,1
"399",14,0,9,0.333333333333333,10,1
"400",14,0,10,0.366666666666667,11,1
"401",14,0,11,0.4,12,1
"402",14,0,12,0.433333333333333,13,1
"403",14,0,13,0.4,12,1
"404",14,0,14,0.466666666666667,14,1
"405",14,0,15,0.466666666666667,14,1
"406",14,1,1,0.233333333333333,7,0
"407",14,1,2,0.266666666666667,8,0
"408",14,1,3,0.333333333333333,10,0
"409",14,1,4,0.3,9,0
"410",14,1,5,0.333333333333333,10,0
"411",14,1,6,0.466666666666667,14,1
"412",14,1,7,0.333333333333333,10,1
"413",14,1,8,0.4,12,1
"414",14,1,9,0.466666666666667,14,1
"415",14,1,10,0.433333333333333,13,1
"416",14,1,11,0.566666666666667,17,1
"417",14,1,12,0.6,18,1
"418",14,1,13,0.733333333333333,22,1
"419",14,1,14,0.633333333333333,19,1
"420",14,1,15,0.6,18,1
"421",15,0,1,0.133333333333333,4,0
"422",15,0,2,0.2,6,0
"423",15,0,3,0.166666666666667,5,0
"424",15,0,4,0.2,6,0
"425",15,0,5,0.166666666666667,5,0
"426",15,0,6,0.3,9,1
"427",15,0,7,0.266666666666667,8,1
"428",15,0,8,0.3,9,1
"429",15,0,9,0.166666666666667,5,1
"430",15,0,10,0.2,6,1
"431",15,0,11,0.2,6,1
"432",15,0,12,0.266666666666667,8,1
"433",15,0,13,0.233333333333333,7,1
"434",15,0,14,0.1,3,1
"435",15,0,15,0.2,6,1
"436",15,1,1,0.1,3,0
"437",15,1,2,0.133333333333333,4,0
"438",15,1,3,0.166666666666667,5,0
"439",15,1,4,0.0333333333333333,1,0
"440",15,1,5,0.0333333333333333,1,0
"441",15,1,6,0.0666666666666667,2,1
"442",15,1,7,0.166666666666667,5,1
"443",15,1,8,0.233333333333333,7,1
"444",15,1,9,0.166666666666667,5,1
"445",15,1,10,0.3,9,1
"446",15,1,11,0.5,15,1
"447",15,1,12,0.6,18,1
"448",15,1,13,0.5,15,1
"449",15,1,14,0.566666666666667,17,1
"450",15,1,15,0.6,18,1
"451",16,0,1,0.133333333333333,4,0
"452",16,0,2,0.233333333333333,7,0
"453",16,0,3,0.5,15,0
"454",16,0,4,0.333333333333333,10,0
"455",16,0,5,0.366666666666667,11,0
"456",16,0,6,0.333333333333333,10,1
"457",16,0,7,0.5,15,1
"458",16,0,8,0.466666666666667,14,1
"459",16,0,9,0.566666666666667,17,1
"460",16,0,10,0.4,12,1
"461",16,0,11,0.433333333333333,13,1
"462",16,0,12,0.466666666666667,14,1
"463",16,0,13,0.466666666666667,14,1
"464",16,0,14,0.533333333333333,16,1
"465",16,0,15,0.333333333333333,10,1
"466",16,1,1,0.3,9,0
"467",16,1,2,0.3,9,0
"468",16,1,3,0.366666666666667,11,0
"469",16,1,4,0.266666666666667,8,0
"470",16,1,5,0.266666666666667,8,0
"471",16,1,6,0.633333333333333,19,1
"472",16,1,7,0.466666666666667,14,1
"473",16,1,8,0.633333333333333,19,1
"474",16,1,9,0.566666666666667,17,1
"475",16,1,10,0.7,21,1
"476",16,1,11,0.633333333333333,19,1
"477",16,1,12,0.766666666666667,23,1
"478",16,1,13,0.9,27,1
"479",16,1,14,0.866666666666667,26,1
"480",16,1,15,0.866666666666667,26,1
"481",17,0,1,0.3,9,0
"482",17,0,2,0.2,6,0
"483",17,0,3,0.2,6,0
"484",17,0,4,0.266666666666667,8,0
"485",17,0,5,0.333333333333333,10,0
"486",17,0,6,0.3,9,1
"487",17,0,7,0.333333333333333,10,1
"488",17,0,8,0.3,9,1
"489",17,0,9,0.133333333333333,4,1
"490",17,0,10,0.233333333333333,7,1
"491",17,0,11,0.266666666666667,8,1
"492",17,0,12,0.366666666666667,11,1
"493",17,0,13,0.366666666666667,11,1
"494",17,0,14,0.433333333333333,13,1
"495",17,0,15,0.466666666666667,14,1
"496",17,1,1,0.2,6,0
"497",17,1,2,0.2,6,0
"498",17,1,3,0.266666666666667,8,0
"499",17,1,4,0.233333333333333,7,0
"500",17,1,5,0.2,6,0
"501",17,1,6,0.3,9,1
"502",17,1,7,0.333333333333333,10,1
"503",17,1,8,0.533333333333333,16,1
"504",17,1,9,0.666666666666667,20,1
"505",17,1,10,0.7,21,1
"506",17,1,11,0.733333333333333,22,1
"507",17,1,12,0.766666666666667,23,1
"508",17,1,13,0.9,27,1
"509",17,1,14,0.733333333333333,22,1
"510",17,1,15,0.9,27,1
"511",18,0,1,0.2,6,0
"512",18,0,2,0.166666666666667,5,0
"513",18,0,3,0.333333333333333,10,0
"514",18,0,4,0.3,9,0
"515",18,0,5,0.266666666666667,8,0
"516",18,0,6,0.2,6,1
"517",18,0,7,0.233333333333333,7,1
"518",18,0,8,0.333333333333333,10,1
"519",18,0,9,0.233333333333333,7,1
"520",18,0,10,0.3,9,1
"521",18,0,11,0.366666666666667,11,1
"522",18,0,12,0.466666666666667,14,1
"523",18,0,13,0.433333333333333,13,1
"524",18,0,14,0.433333333333333,13,1
"525",18,0,15,0.533333333333333,16,1
"526",18,1,1,0.266666666666667,8,0
"527",18,1,2,0.133333333333333,4,0
"528",18,1,3,0.366666666666667,11,0
"529",18,1,4,0.266666666666667,8,0
"530",18,1,5,0.266666666666667,8,0
"531",18,1,6,0.233333333333333,7,1
"532",18,1,7,0.3,9,1
"533",18,1,8,0.266666666666667,8,1
"534",18,1,9,0.366666666666667,11,1
"535",18,1,10,0.3,9,1
"536",18,1,11,0.4,12,1
"537",18,1,12,0.466666666666667,14,1
"538",18,1,13,0.5,15,1
"539",18,1,14,0.366666666666667,11,1
"540",18,1,15,0.5,15,1
"541",19,0,1,0.3,9,0
"542",19,0,2,0.233333333333333,7,0
"543",19,0,3,0.233333333333333,7,0
"544",19,0,4,0.2,6,0
"545",19,0,5,0.3,9,0
"546",19,0,6,0.333333333333333,10,1
"547",19,0,7,0.3,9,1
"548",19,0,8,0.333333333333333,10,1
"549",19,0,9,0.366666666666667,11,1
"550",19,0,10,0.5,15,1
"551",19,0,11,0.533333333333333,16,1
"552",19,0,12,0.366666666666667,11,1
"553",19,0,13,0.4,12,1
"554",19,0,14,0.366666666666667,11,1
"555",19,0,15,0.266666666666667,8,1
"556",19,1,1,0.3,9,0
"557",19,1,2,0.5,15,0
"558",19,1,3,0.366666666666667,11,0
"559",19,1,4,0.2,6,0
"560",19,1,5,0.4,12,0
"561",19,1,6,0.466666666666667,14,1
"562",19,1,7,0.4,12,1
"563",19,1,8,0.366666666666667,11,1
"564",19,1,9,0.466666666666667,14,1
"565",19,1,10,0.533333333333333,16,1
"566",19,1,11,0.466666666666667,14,1
"567",19,1,12,0.5,15,1
"568",19,1,13,0.7,21,1
"569",19,1,14,0.733333333333333,22,1
"570",19,1,15,0.566666666666667,17,1
"571",20,0,1,0.1,3,0
"572",20,0,2,0.166666666666667,5,0
"573",20,0,3,0.133333333333333,4,0
"574",20,0,4,0.3,9,0
"575",20,0,5,0.266666666666667,8,0
"576",20,0,6,0.4,12,1
"577",20,0,7,0.333333333333333,10,1
"578",20,0,8,0.4,12,1
"579",20,0,9,0.566666666666667,17,1
"580",20,0,10,0.5,15,1
"581",20,0,11,0.433333333333333,13,1
"582",20,0,12,0.366666666666667,11,1
"583",20,0,13,0.366666666666667,11,1
"584",20,0,14,0.2,6,1
"585",20,0,15,0.433333333333333,13,1
"586",20,1,1,0.333333333333333,10,0
"587",20,1,2,0.166666666666667,5,0
"588",20,1,3,0.333333333333333,10,0
"589",20,1,4,0.2,6,0
"590",20,1,5,0.2,6,0
"591",20,1,6,0.433333333333333,13,1
"592",20,1,7,0.4,12,1
"593",20,1,8,0.4,12,1
"594",20,1,9,0.5,15,1
"595",20,1,10,0.733333333333333,22,1
"596",20,1,11,0.566666666666667,17,1
"597",20,1,12,0.633333333333333,19,1
"598",20,1,13,0.633333333333333,19,1
"599",20,1,14,0.8,24,1
"600",20,1,15,0.833333333333333,25,1
"601",21,0,1,0.1,3,0
"602",21,0,2,0.166666666666667,5,0
"603",21,0,3,0.133333333333333,4,0
"604",21,0,4,0.0666666666666667,2,0
"605",21,0,5,0.133333333333333,4,0
"606",21,0,6,0.2,6,1
"607",21,0,7,0.3,9,1
"608",21,0,8,0.3,9,1
"609",21,0,9,0.2,6,1
"610",21,0,10,0.233333333333333,7,1
"611",21,0,11,0.2,6,1
"612",21,0,12,0.266666666666667,8,1
"613",21,0,13,0.166666666666667,5,1
"614",21,0,14,0.133333333333333,4,1
"615",21,0,15,0.133333333333333,4,1
"616",21,1,1,0.1,3,0
"617",21,1,2,0,0,0
"618",21,1,3,0.1,3,0
"619",21,1,4,0.0333333333333333,1,0
"620",21,1,5,0.1,3,0
"621",21,1,6,0.233333333333333,7,1
"622",21,1,7,0.266666666666667,8,1
"623",21,1,8,0.233333333333333,7,1
"624",21,1,9,0.166666666666667,5,1
"625",21,1,10,0.266666666666667,8,1
"626",21,1,11,0.433333333333333,13,1
"627",21,1,12,0.633333333333333,19,1
"628",21,1,13,0.666666666666667,20,1
"629",21,1,14,0.7,21,1
"630",21,1,15,0.833333333333333,25,1
"631",22,0,1,0.1,3,0
"632",22,0,2,0.2,6,0
"633",22,0,3,0.266666666666667,8,0
"634",22,0,4,0.233333333333333,7,0
"635",22,0,5,0.2,6,0
"636",22,0,6,0.233333333333333,7,1
"637",22,0,7,0.166666666666667,5,1
"638",22,0,8,0.266666666666667,8,1
"639",22,0,9,0.366666666666667,11,1
"640",22,0,10,0.466666666666667,14,1
"641",22,0,11,0.3,9,1
"642",22,0,12,0.3,9,1
"643",22,0,13,0.266666666666667,8,1
"644",22,0,14,0.133333333333333,4,1
"645",22,0,15,0.266666666666667,8,1
"646",22,1,1,0.2,6,0
"647",22,1,2,0.266666666666667,8,0
"648",22,1,3,0.1,3,0
"649",22,1,4,0.133333333333333,4,0
"650",22,1,5,0.166666666666667,5,0
"651",22,1,6,0.133333333333333,4,1
"652",22,1,7,0.2,6,1
"653",22,1,8,0.266666666666667,8,1
"654",22,1,9,0.433333333333333,13,1
"655",22,1,10,0.4,12,1
"656",22,1,11,0.433333333333333,13,1
"657",22,1,12,0.3,9,1
"658",22,1,13,0.5,15,1
"659",22,1,14,0.366666666666667,11,1
"660",22,1,15,0.3,9,1
"661",23,0,1,0.166666666666667,5,0
"662",23,0,2,0.266666666666667,8,0
"663",23,0,3,0.4,12,0
"664",23,0,4,0.366666666666667,11,0
"665",23,0,5,0.366666666666667,11,0
"666",23,0,6,0.3,9,1
"667",23,0,7,0.333333333333333,10,1
"668",23,0,8,0.233333333333333,7,1
"669",23,0,9,0.4,12,1
"670",23,0,10,0.366666666666667,11,1
"671",23,0,11,0.333333333333333,10,1
"672",23,0,12,0.3,9,1
"673",23,0,13,0.3,9,1
"674",23,0,14,0.433333333333333,13,1
"675",23,0,15,0.333333333333333,10,1
"676",23,1,1,0.166666666666667,5,0
"677",23,1,2,0.4,12,0
"678",23,1,3,0.266666666666667,8,0
"679",23,1,4,0.2,6,0
"680",23,1,5,0.233333333333333,7,0
"681",23,1,6,0.366666666666667,11,1
"682",23,1,7,0.366666666666667,11,1
"683",23,1,8,0.533333333333333,16,1
"684",23,1,9,0.466666666666667,14,1
"685",23,1,10,0.433333333333333,13,1
"686",23,1,11,0.733333333333333,22,1
"687",23,1,12,0.833333333333333,25,1
"688",23,1,13,0.9,27,1
"689",23,1,14,0.933333333333333,28,1
"690",23,1,15,0.833333333333333,25,1
"691",24,0,1,0.1,3,0
"692",24,0,2,0.0333333333333333,1,0
"693",24,0,3,0.1,3,0
"694",24,0,4,0,0,0
"695",24,0,5,0.133333333333333,4,0
"696",24,0,6,0.133333333333333,4,1
"697",24,0,7,0.3,9,1
"698",24,0,8,0.3,9,1
"699",24,0,9,0.366666666666667,11,1
"700",24,0,10,0.3,9,1
"701",24,0,11,0.3,9,1
"702",24,0,12,0.466666666666667,14,1
"703",24,0,13,0.233333333333333,7,1
"704",24,0,14,0.2,6,1
"705",24,0,15,0.133333333333333,4,1
"706",24,1,1,0.166666666666667,5,0
"707",24,1,2,0.1,3,0
"708",24,1,3,0.166666666666667,5,0
"709",24,1,4,0.233333333333333,7,0
"710",24,1,5,0.2,6,0
"711",24,1,6,0.3,9,1
"712",24,1,7,0.266666666666667,8,1
"713",24,1,8,0.233333333333333,7,1
"714",24,1,9,0.433333333333333,13,1
"715",24,1,10,0.5,15,1
"716",24,1,11,0.6,18,1
"717",24,1,12,0.6,18,1
"718",24,1,13,0.8,24,1
"719",24,1,14,0.833333333333333,25,1
"720",24,1,15,0.833333333333333,25,1
"721",25,0,1,0.0666666666666667,2,0
"722",25,0,2,0.133333333333333,4,0
"723",25,0,3,0.0333333333333333,1,0
"724",25,0,4,0.133333333333333,4,0
"725",25,0,5,0.166666666666667,5,0
"726",25,0,6,0.133333333333333,4,1
"727",25,0,7,0.266666666666667,8,1
"728",25,0,8,0.233333333333333,7,1
"729",25,0,9,0.166666666666667,5,1
"730",25,0,10,0.266666666666667,8,1
"731",25,0,11,0.2,6,1
"732",25,0,12,0.266666666666667,8,1
"733",25,0,13,0.233333333333333,7,1
"734",25,0,14,0.166666666666667,5,1
"735",25,0,15,0.166666666666667,5,1
"736",25,1,1,0.0666666666666667,2,0
"737",25,1,2,0.0333333333333333,1,0
"738",25,1,3,0.1,3,0
"739",25,1,4,0.2,6,0
"740",25,1,5,0.1,3,0
"741",25,1,6,0.2,6,1
"742",25,1,7,0.133333333333333,4,1
"743",25,1,8,0.133333333333333,4,1
"744",25,1,9,0.2,6,1
"745",25,1,10,0.333333333333333,10,1
"746",25,1,11,0.333333333333333,10,1
"747",25,1,12,0.433333333333333,13,1
"748",25,1,13,0.3,9,1
"749",25,1,14,0.233333333333333,7,1
"750",25,1,15,0.2,6,1
"751",26,0,1,0.3,9,0
"752",26,0,2,0.2,6,0
"753",26,0,3,0.2,6,0
"754",26,0,4,0.233333333333333,7,0
"755",26,0,5,0.166666666666667,5,0
"756",26,0,6,0.166666666666667,5,1
"757",26,0,7,0.266666666666667,8,1
"758",26,0,8,0.333333333333333,10,1
"759",26,0,9,0.266666666666667,8,1
"760",26,0,10,0.266666666666667,8,1
"761",26,0,11,0.366666666666667,11,1
"762",26,0,12,0.333333333333333,10,1
"763",26,0,13,0.3,9,1
"764",26,0,14,0.166666666666667,5,1
"765",26,0,15,0.266666666666667,8,1
"766",26,1,1,0.166666666666667,5,0
"767",26,1,2,0.4,12,0
"768",26,1,3,0.233333333333333,7,0
"769",26,1,4,0.233333333333333,7,0
"770",26,1,5,0.233333333333333,7,0
"771",26,1,6,0.366666666666667,11,1
"772",26,1,7,0.3,9,1
"773",26,1,8,0.333333333333333,10,1
"774",26,1,9,0.433333333333333,13,1
"775",26,1,10,0.4,12,1
"776",26,1,11,0.566666666666667,17,1
"777",26,1,12,0.666666666666667,20,1
"778",26,1,13,0.766666666666667,23,1
"779",26,1,14,0.866666666666667,26,1
"780",26,1,15,0.8,24,1
"781",27,0,1,0.2,6,0
"782",27,0,2,0.266666666666667,8,0
"783",27,0,3,0.233333333333333,7,0
"784",27,0,4,0.3,9,0
"785",27,0,5,0.3,9,0
"786",27,0,6,0.166666666666667,5,1
"787",27,0,7,0.3,9,1
"788",27,0,8,0.333333333333333,10,1
"789",27,0,9,0.266666666666667,8,1
"790",27,0,10,0.266666666666667,8,1
"791",27,0,11,0.366666666666667,11,1
"792",27,0,12,0.333333333333333,10,1
"793",27,0,13,0.433333333333333,13,1
"794",27,0,14,0.333333333333333,10,1
"795",27,0,15,0.366666666666667,11,1
"796",27,1,1,0.133333333333333,4,0
"797",27,1,2,0.166666666666667,5,0
"798",27,1,3,0.2,6,0
"799",27,1,4,0.233333333333333,7,0
"800",27,1,5,0.233333333333333,7,0
"801",27,1,6,0.233333333333333,7,1
"802",27,1,7,0.266666666666667,8,1
"803",27,1,8,0.366666666666667,11,1
"804",27,1,9,0.366666666666667,11,1
"805",27,1,10,0.533333333333333,16,1
"806",27,1,11,0.566666666666667,17,1
"807",27,1,12,0.666666666666667,20,1
"808",27,1,13,0.733333333333333,22,1
"809",27,1,14,0.7,21,1
"810",27,1,15,0.733333333333333,22,1
"811",28,0,1,0.266666666666667,8,0
"812",28,0,2,0.133333333333333,4,0
"813",28,0,3,0.133333333333333,4,0
"814",28,0,4,0.233333333333333,7,0
"815",28,0,5,0.233333333333333,7,0
"816",28,0,6,0.233333333333333,7,1
"817",28,0,7,0.233333333333333,7,1
"818",28,0,8,0.333333333333333,10,1
"819",28,0,9,0.366666666666667,11,1
"820",28,0,10,0.466666666666667,14,1
"821",28,0,11,0.4,12,1
"822",28,0,12,0.3,9,1
"823",28,0,13,0.433333333333333,13,1
"824",28,0,14,0.4,12,1
"825",28,0,15,0.3,9,1
"826",28,1,1,0.333333333333333,10,0
"827",28,1,2,0.233333333333333,7,0
"828",28,1,3,0.2,6,0
"829",28,1,4,0.266666666666667,8,0
"830",28,1,5,0.166666666666667,5,0
"831",28,1,6,0.333333333333333,10,1
"832",28,1,7,0.333333333333333,10,1
"833",28,1,8,0.5,15,1
"834",28,1,9,0.4,12,1
"835",28,1,10,0.566666666666667,17,1
"836",28,1,11,0.8,24,1
"837",28,1,12,0.766666666666667,23,1
"838",28,1,13,0.833333333333333,25,1
"839",28,1,14,0.9,27,1
"840",28,1,15,0.933333333333333,28,1
"841",29,0,1,0.0666666666666667,2,0
"842",29,0,2,0.0666666666666667,2,0
"843",29,0,3,0.133333333333333,4,0
"844",29,0,4,0.233333333333333,7,0
"845",29,0,5,0.0666666666666667,2,0
"846",29,0,6,0.2,6,1
"847",29,0,7,0.0333333333333333,1,1
"848",29,0,8,0,0,1
"849",29,0,9,0.0666666666666667,2,1
"850",29,0,10,0.1,3,1
"851",29,0,11,0.1,3,1
"852",29,0,12,0.266666666666667,8,1
"853",29,0,13,0.166666666666667,5,1
"854",29,0,14,0.166666666666667,5,1
"855",29,0,15,0.266666666666667,8,1
"856",29,1,1,0.0666666666666667,2,0
"857",29,1,2,0.166666666666667,5,0
"858",29,1,3,0.233333333333333,7,0
"859",29,1,4,0.1,3,0
"860",29,1,5,0.133333333333333,4,0
"861",29,1,6,0.3,9,1
"862",29,1,7,0.3,9,1
"863",29,1,8,0.4,12,1
"864",29,1,9,0.266666666666667,8,1
"865",29,1,10,0.366666666666667,11,1
"866",29,1,11,0.233333333333333,7,1
"867",29,1,12,0.266666666666667,8,1
"868",29,1,13,0.3,9,1
"869",29,1,14,0.333333333333333,10,1
"870",29,1,15,0.266666666666667,8,1
"871",30,0,1,0.1,3,0
"872",30,0,2,0.2,6,0
"873",30,0,3,0.233333333333333,7,0
"874",30,0,4,0.1,3,0
"875",30,0,5,0.133333333333333,4,0
"876",30,0,6,0.1,3,1
"877",30,0,7,0.233333333333333,7,1
"878",30,0,8,0.166666666666667,5,1
"879",30,0,9,0.2,6,1
"880",30,0,10,0.266666666666667,8,1
"881",30,0,11,0.2,6,1
"882",30,0,12,0.133333333333333,4,1
"883",30,0,13,0.266666666666667,8,1
"884",30,0,14,0.166666666666667,5,1
"885",30,0,15,0.2,6,1
"886",30,1,1,0.0666666666666667,2,0
"887",30,1,2,0.1,3,0
"888",30,1,3,0.1,3,0
"889",30,1,4,0.133333333333333,4,0
"890",30,1,5,0.133333333333333,4,0
"891",30,1,6,0.233333333333333,7,1
"892",30,1,7,0.233333333333333,7,1
"893",30,1,8,0.233333333333333,7,1
"894",30,1,9,0.4,12,1
"895",30,1,10,0.5,15,1
"896",30,1,11,0.466666666666667,14,1
"897",30,1,12,0.666666666666667,20,1
"898",30,1,13,0.8,24,1
"899",30,1,14,0.866666666666667,26,1
"900",30,1,15,0.9,27,1
"901",31,0,1,0.433333333333333,13,0
"902",31,0,2,0.3,9,0
"903",31,0,3,0.433333333333333,13,0
"904",31,0,4,0.4,12,0
"905",31,0,5,0.366666666666667,11,0
"906",31,0,6,0.433333333333333,13,1
"907",31,0,7,0.466666666666667,14,1
"908",31,0,8,0.466666666666667,14,1
"909",31,0,9,0.433333333333333,13,1
"910",31,0,10,0.466666666666667,14,1
"911",31,0,11,0.433333333333333,13,1
"912",31,0,12,0.433333333333333,13,1
"913",31,0,13,0.433333333333333,13,1
"914",31,0,14,0.533333333333333,16,1
"915",31,0,15,0.7,21,1
"916",31,1,1,0.3,9,0
"917",31,1,2,0.4,12,0
"918",31,1,3,0.266666666666667,8,0
"919",31,1,4,0.266666666666667,8,0
"920",31,1,5,0.366666666666667,11,0
"921",31,1,6,0.5,15,1
"922",31,1,7,0.6,18,1
"923",31,1,8,0.633333333333333,19,1
"924",31,1,9,0.7,21,1
"925",31,1,10,0.6,18,1
"926",31,1,11,0.833333333333333,25,1
"927",31,1,12,0.8,24,1
"928",31,1,13,0.9,27,1
"929",31,1,14,0.933333333333333,28,1
"930",31,1,15,1,30,1
"931",32,0,1,0.233333333333333,7,0
"932",32,0,2,0.233333333333333,7,0
"933",32,0,3,0.233333333333333,7,0
"934",32,0,4,0.266666666666667,8,0
"935",32,0,5,0.2,6,0
"936",32,0,6,0.3,9,1
"937",32,0,7,0.3,9,1
"938",32,0,8,0.266666666666667,8,1
"939",32,0,9,0.233333333333333,7,1
"940",32,0,10,0.266666666666667,8,1
"941",32,0,11,0.4,12,1
"942",32,0,12,0.3,9,1
"943",32,0,13,0.3,9,1
"944",32,0,14,0.433333333333333,13,1
"945",32,0,15,0.433333333333333,13,1
"946",32,1,1,0.2,6,0
"947",32,1,2,0.2,6,0
"948",32,1,3,0.166666666666667,5,0
"949",32,1,4,0.2,6,0
"950",32,1,5,0.3,9,0
"951",32,1,6,0.266666666666667,8,1
"952",32,1,7,0.433333333333333,13,1
"953",32,1,8,0.5,15,1
"954",32,1,9,0.466666666666667,14,1
"955",32,1,10,0.566666666666667,17,1
"956",32,1,11,0.733333333333333,22,1
"957",32,1,12,0.766666666666667,23,1
"958",32,1,13,0.7,21,1
"959",32,1,14,0.9,27,1
"960",32,1,15,0.7,21,1
"961",33,0,1,0.2,6,0
"962",33,0,2,0.0666666666666667,2,0
"963",33,0,3,0.166666666666667,5,0
"964",33,0,4,0.333333333333333,10,0
"965",33,0,5,0.2,6,0
"966",33,0,6,0.266666666666667,8,1
"967",33,0,7,0.3,9,1
"968",33,0,8,0.266666666666667,8,1
"969",33,0,9,0.266666666666667,8,1
"970",33,0,10,0.2,6,1
"971",33,0,11,0.366666666666667,11,1
"972",33,0,12,0.366666666666667,11,1
"973",33,0,13,0.3,9,1
"974",33,0,14,0.333333333333333,10,1
"975",33,0,15,0.3,9,1
"976",33,1,1,0.2,6,0
"977",33,1,2,0.2,6,0
"978",33,1,3,0.166666666666667,5,0
"979",33,1,4,0.2,6,0
"980",33,1,5,0.166666666666667,5,0
"981",33,1,6,0.2,6,1
"982",33,1,7,0.333333333333333,10,1
"983",33,1,8,0.4,12,1
"984",33,1,9,0.3,9,1
"985",33,1,10,0.5,15,1
"986",33,1,11,0.5,15,1
"987",33,1,12,0.5,15,1
"988",33,1,13,0.466666666666667,14,1
"989",33,1,14,0.566666666666667,17,1
"990",33,1,15,0.7,21,1
"991",34,0,1,0.233333333333333,7,0
"992",34,0,2,0.1,3,0
"993",34,0,3,0.2,6,0
"994",34,0,4,0.2,6,0
"995",34,0,5,0.2,6,0
"996",34,0,6,0.133333333333333,4,1
"997",34,0,7,0.133333333333333,4,1
"998",34,0,8,0.133333333333333,4,1
"999",34,0,9,0.4,12,1
"1000",34,0,10,0.2,6,1
"1001",34,0,11,0.2,6,1
"1002",34,0,12,0.3,9,1
"1003",34,0,13,0.366666666666667,11,1
"1004",34,0,14,0.466666666666667,14,1
"1005",34,0,15,0.4,12,1
"1006",34,1,1,0.133333333333333,4,0
"1007",34,1,2,0.166666666666667,5,0
"1008",34,1,3,0.2,6,0
"1009",34,1,4,0.133333333333333,4,0
"1010",34,1,5,0.133333333333333,4,0
"1011",34,1,6,0.266666666666667,8,1
"1012",34,1,7,0.366666666666667,11,1
"1013",34,1,8,0.366666666666667,11,1
"1014",34,1,9,0.4,12,1
"1015",34,1,10,0.7,21,1
"1016",34,1,11,0.6,18,1
"1017",34,1,12,0.733333333333333,22,1
"1018",34,1,13,0.666666666666667,20,1
"1019",34,1,14,0.7,21,1
"1020",34,1,15,0.8,24,1
"1021",35,0,1,0.0666666666666667,2,0
"1022",35,0,2,0.133333333333333,4,0
"1023",35,0,3,0.1,3,0
"1024",35,0,4,0.133333333333333,4,0
"1025",35,0,5,0.166666666666667,5,0
"1026",35,0,6,0.0666666666666667,2,1
"1027",35,0,7,0.133333333333333,4,1
"1028",35,0,8,0.1,3,1
"1029",35,0,9,0.166666666666667,5,1
"1030",35,0,10,0.166666666666667,5,1
"1031",35,0,11,0.1,3,1
"1032",35,0,12,0.1,3,1
"1033",35,0,13,0.1,3,1
"1034",35,0,14,0.166666666666667,5,1
"1035",35,0,15,0.233333333333333,7,1
"1036",35,1,1,0.133333333333333,4,0
"1037",35,1,2,0.0666666666666667,2,0
"1038",35,1,3,0.0666666666666667,2,0
"1039",35,1,4,0.1,3,0
"1040",35,1,5,0.133333333333333,4,0
"1041",35,1,6,0.133333333333333,4,1
"1042",35,1,7,0.1,3,1
"1043",35,1,8,0.133333333333333,4,1
"1044",35,1,9,0.133333333333333,4,1
"1045",35,1,10,0.2,6,1
"1046",35,1,11,0.133333333333333,4,1
"1047",35,1,12,0.1,3,1
"1048",35,1,13,0.2,6,1
"1049",35,1,14,0.2,6,1
"1050",35,1,15,0.2,6,1
"1051",36,0,1,0.266666666666667,8,0
"1052",36,0,2,0.233333333333333,7,0
"1053",36,0,3,0.233333333333333,7,0
"1054",36,0,4,0.333333333333333,10,0
"1055",36,0,5,0.266666666666667,8,0
"1056",36,0,6,0.266666666666667,8,1
"1057",36,0,7,0.266666666666667,8,1
"1058",36,0,8,0.166666666666667,5,1
"1059",36,0,9,0.266666666666667,8,1
"1060",36,0,10,0.533333333333333,16,1
"1061",36,0,11,0.533333333333333,16,1
"1062",36,0,12,0.533333333333333,16,1
"1063",36,0,13,0.433333333333333,13,1
"1064",36,0,14,0.366666666666667,11,1
"1065",36,0,15,0.433333333333333,13,1
"1066",36,1,1,0.133333333333333,4,0
"1067",36,1,2,0.266666666666667,8,0
"1068",36,1,3,0.166666666666667,5,0
"1069",36,1,4,0.233333333333333,7,0
"1070",36,1,5,0.266666666666667,8,0
"1071",36,1,6,0.266666666666667,8,1
"1072",36,1,7,0.4,12,1
"1073",36,1,8,0.666666666666667,20,1
"1074",36,1,9,0.666666666666667,20,1
"1075",36,1,10,0.7,21,1
"1076",36,1,11,0.733333333333333,22,1
"1077",36,1,12,0.733333333333333,22,1
"1078",36,1,13,0.866666666666667,26,1
"1079",36,1,14,0.9,27,1
"1080",36,1,15,0.9,27,1
"1081",37,0,1,0.133333333333333,4,0
"1082",37,0,2,0.233333333333333,7,0
"1083",37,0,3,0.233333333333333,7,0
"1084",37,0,4,0.2,6,0
"1085",37,0,5,0.266666666666667,8,0
"1086",37,0,6,0.133333333333333,4,1
"1087",37,0,7,0.166666666666667,5,1
"1088",37,0,8,0.2,6,1
"1089",37,0,9,0.233333333333333,7,1
"1090",37,0,10,0.266666666666667,8,1
"1091",37,0,11,0.366666666666667,11,1
"1092",37,0,12,0.166666666666667,5,1
"1093",37,0,13,0.233333333333333,7,1
"1094",37,0,14,0.266666666666667,8,1
"1095",37,0,15,0.333333333333333,10,1
"1096",37,1,1,0.233333333333333,7,0
"1097",37,1,2,0.266666666666667,8,0
"1098",37,1,3,0.133333333333333,4,0
"1099",37,1,4,0.166666666666667,5,0
"1100",37,1,5,0.166666666666667,5,0
"1101",37,1,6,0.233333333333333,7,1
"1102",37,1,7,0.133333333333333,4,1
"1103",37,1,8,0.2,6,1
"1104",37,1,9,0.266666666666667,8,1
"1105",37,1,10,0.366666666666667,11,1
"1106",37,1,11,0.266666666666667,8,1
"1107",37,1,12,0.2,6,1
"1108",37,1,13,0.233333333333333,7,1
"1109",37,1,14,0.333333333333333,10,1
"1110",37,1,15,0.166666666666667,5,1
"1111",38,0,1,0.1,3,0
"1112",38,0,2,0.2,6,0
"1113",38,0,3,0.133333333333333,4,0
"1114",38,0,4,0.0666666666666667,2,0
"1115",38,0,5,0.0333333333333333,1,0
"1116",38,0,6,0.133333333333333,4,1
"1117",38,0,7,0.133333333333333,4,1
"1118",38,0,8,0.266666666666667,8,1
"1119",38,0,9,0.3,9,1
"1120",38,0,10,0.266666666666667,8,1
"1121",38,0,11,0.266666666666667,8,1
"1122",38,0,12,0.3,9,1
"1123",38,0,13,0.266666666666667,8,1
"1124",38,0,14,0.2,6,1
"1125",38,0,15,0.3,9,1
"1126",38,1,1,0.133333333333333,4,0
"1127",38,1,2,0.233333333333333,7,0
"1128",38,1,3,0.133333333333333,4,0
"1129",38,1,4,0.133333333333333,4,0
"1130",38,1,5,0.3,9,0
"1131",38,1,6,0.233333333333333,7,1
"1132",38,1,7,0.3,9,1
"1133",38,1,8,0.233333333333333,7,1
"1134",38,1,9,0.366666666666667,11,1
"1135",38,1,10,0.3,9,1
"1136",38,1,11,0.433333333333333,13,1
"1137",38,1,12,0.333333333333333,10,1
"1138",38,1,13,0.266666666666667,8,1
"1139",38,1,14,0.466666666666667,14,1
"1140",38,1,15,0.4,12,1
"1141",39,0,1,0.3,9,0
"1142",39,0,2,0.366666666666667,11,0
"1143",39,0,3,0.333333333333333,10,0
"1144",39,0,4,0.233333333333333,7,0
"1145",39,0,5,0.3,9,0
"1146",39,0,6,0.366666666666667,11,1
"1147",39,0,7,0.3,9,1
"1148",39,0,8,0.2,6,1
"1149",39,0,9,0.2,6,1
"1150",39,0,10,0.333333333333333,10,1
"1151",39,0,11,0.333333333333333,10,1
"1152",39,0,12,0.333333333333333,10,1
"1153",39,0,13,0.333333333333333,10,1
"1154",39,0,14,0.266666666666667,8,1
"1155",39,0,15,0.333333333333333,10,1
"1156",39,1,1,0.266666666666667,8,0
"1157",39,1,2,0.133333333333333,4,0
"1158",39,1,3,0.266666666666667,8,0
"1159",39,1,4,0.233333333333333,7,0
"1160",39,1,5,0.233333333333333,7,0
"1161",39,1,6,0.4,12,1
"1162",39,1,7,0.4,12,1
"1163",39,1,8,0.666666666666667,20,1
"1164",39,1,9,0.6,18,1
"1165",39,1,10,0.666666666666667,20,1
"1166",39,1,11,0.7,21,1
"1167",39,1,12,0.733333333333333,22,1
"1168",39,1,13,0.8,24,1
"1169",39,1,14,0.933333333333333,28,1
"1170",39,1,15,0.9,27,1
"1171",40,0,1,0.2,6,0
"1172",40,0,2,0.1,3,0
"1173",40,0,3,0.233333333333333,7,0
"1174",40,0,4,0.266666666666667,8,0
"1175",40,0,5,0.233333333333333,7,0
"1176",40,0,6,0.2,6,1
"1177",40,0,7,0.166666666666667,5,1
"1178",40,0,8,0.2,6,1
"1179",40,0,9,0.2,6,1
"1180",40,0,10,0.3,9,1
"1181",40,0,11,0.3,9,1
"1182",40,0,12,0.5,15,1
"1183",40,0,13,0.366666666666667,11,1
"1184",40,0,14,0.4,12,1
"1185",40,0,15,0.433333333333333,13,1
"1186",40,1,1,0.133333333333333,4,0
"1187",40,1,2,0.166666666666667,5,0
"1188",40,1,3,0.166666666666667,5,0
"1189",40,1,4,0.233333333333333,7,0
"1190",40,1,5,0.3,9,0
"1191",40,1,6,0.333333333333333,10,1
"1192",40,1,7,0.333333333333333,10,1
"1193",40,1,8,0.366666666666667,11,1
"1194",40,1,9,0.4,12,1
"1195",40,1,10,0.533333333333333,16,1
"1196",40,1,11,0.766666666666667,23,1
"1197",40,1,12,0.8,24,1
"1198",40,1,13,0.733333333333333,22,1
"1199",40,1,14,0.9,27,1
"1200",40,1,15,0.9,27,1
"1201",41,0,1,0.333333333333333,10,0
"1202",41,0,2,0.4,12,0
"1203",41,0,3,0.266666666666667,8,0
"1204",41,0,4,0.233333333333333,7,0
"1205",41,0,5,0.166666666666667,5,0
"1206",41,0,6,0.233333333333333,7,1
"1207",41,0,7,0.4,12,1
"1208",41,0,8,0.333333333333333,10,1
"1209",41,0,9,0.266666666666667,8,1
"1210",41,0,10,0.433333333333333,13,1
"1211",41,0,11,0.366666666666667,11,1
"1212",41,0,12,0.3,9,1
"1213",41,0,13,0.433333333333333,13,1
"1214",41,0,14,0.6,18,1
"1215",41,0,15,0.533333333333333,16,1
"1216",41,1,1,0.3,9,0
"1217",41,1,2,0.3,9,0
"1218",41,1,3,0.2,6,0
"1219",41,1,4,0.3,9,0
"1220",41,1,5,0.433333333333333,13,0
"1221",41,1,6,0.466666666666667,14,1
"1222",41,1,7,0.366666666666667,11,1
"1223",41,1,8,0.433333333333333,13,1
"1224",41,1,9,0.5,15,1
"1225",41,1,10,0.5,15,1
"1226",41,1,11,0.6,18,1
"1227",41,1,12,0.6,18,1
"1228",41,1,13,0.5,15,1
"1229",41,1,14,0.6,18,1
"1230",41,1,15,0.633333333333333,19,1
"1231",42,0,1,0.133333333333333,4,0
"1232",42,0,2,0.0333333333333333,1,0
"1233",42,0,3,0.133333333333333,4,0
"1234",42,0,4,0.2,6,0
"1235",42,0,5,0.233333333333333,7,0
"1236",42,0,6,0.366666666666667,11,1
"1237",42,0,7,0.233333333333333,7,1
"1238",42,0,8,0.4,12,1
"1239",42,0,9,0.166666666666667,5,1
"1240",42,0,10,0.166666666666667,5,1
"1241",42,0,11,0.166666666666667,5,1
"1242",42,0,12,0.2,6,1
"1243",42,0,13,0.166666666666667,5,1
"1244",42,0,14,0.266666666666667,8,1
"1245",42,0,15,0.3,9,1
"1246",42,1,1,0.166666666666667,5,0
"1247",42,1,2,0.2,6,0
"1248",42,1,3,0.2,6,0
"1249",42,1,4,0.166666666666667,5,0
"1250",42,1,5,0.166666666666667,5,0
"1251",42,1,6,0.2,6,1
"1252",42,1,7,0.3,9,1
"1253",42,1,8,0.4,12,1
"1254",42,1,9,0.4,12,1
"1255",42,1,10,0.4,12,1
"1256",42,1,11,0.266666666666667,8,1
"1257",42,1,12,0.366666666666667,11,1
"1258",42,1,13,0.366666666666667,11,1
"1259",42,1,14,0.433333333333333,13,1
"1260",42,1,15,0.633333333333333,19,1
"1261",43,0,1,0.133333333333333,4,0
"1262",43,0,2,0.166666666666667,5,0
"1263",43,0,3,0.233333333333333,7,0
"1264",43,0,4,0.3,9,0
"1265",43,0,5,0.266666666666667,8,0
"1266",43,0,6,0.433333333333333,13,1
"1267",43,0,7,0.2,6,1
"1268",43,0,8,0.333333333333333,10,1
"1269",43,0,9,0.3,9,1
"1270",43,0,10,0.366666666666667,11,1
"1271",43,0,11,0.4,12,1
"1272",43,0,12,0.333333333333333,10,1
"1273",43,0,13,0.366666666666667,11,1
"1274",43,0,14,0.5,15,1
"1275",43,0,15,0.333333333333333,10,1
"1276",43,1,1,0.166666666666667,5,0
"1277",43,1,2,0.166666666666667,5,0
"1278",43,1,3,0.166666666666667,5,0
"1279",43,1,4,0.233333333333333,7,0
"1280",43,1,5,0.266666666666667,8,0
"1281",43,1,6,0.3,9,1
"1282",43,1,7,0.233333333333333,7,1
"1283",43,1,8,0.366666666666667,11,1
"1284",43,1,9,0.3,9,1
"1285",43,1,10,0.433333333333333,13,1
"1286",43,1,11,0.366666666666667,11,1
"1287",43,1,12,0.433333333333333,13,1
"1288",43,1,13,0.466666666666667,14,1
"1289",43,1,14,0.466666666666667,14,1
"1290",43,1,15,0.4,12,1
"1291",44,0,1,0.266666666666667,8,0
"1292",44,0,2,0.3,9,0
"1293",44,0,3,0.233333333333333,7,0
"1294",44,0,4,0.2,6,0
"1295",44,0,5,0.333333333333333,10,0
"1296",44,0,6,0.266666666666667,8,1
"1297",44,0,7,0.233333333333333,7,1
"1298",44,0,8,0.333333333333333,10,1
"1299",44,0,9,0.266666666666667,8,1
"1300",44,0,10,0.466666666666667,14,1
"1301",44,0,11,0.4,12,1
"1302",44,0,12,0.5,15,1
"1303",44,0,13,0.5,15,1
"1304",44,0,14,0.633333333333333,19,1
"1305",44,0,15,0.6,18,1
"1306",44,1,1,0.233333333333333,7,0
"1307",44,1,2,0.2,6,0
"1308",44,1,3,0.233333333333333,7,0
"1309",44,1,4,0.266666666666667,8,0
"1310",44,1,5,0.2,6,0
"1311",44,1,6,0.5,15,1
"1312",44,1,7,0.433333333333333,13,1
"1313",44,1,8,0.666666666666667,20,1
"1314",44,1,9,0.533333333333333,16,1
"1315",44,1,10,0.666666666666667,20,1
"1316",44,1,11,0.7,21,1
"1317",44,1,12,0.833333333333333,25,1
"1318",44,1,13,0.9,27,1
"1319",44,1,14,0.933333333333333,28,1
"1320",44,1,15,0.9,27,1
"1321",45,0,1,0.1,3,0
"1322",45,0,2,0.166666666666667,5,0
"1323",45,0,3,0.133333333333333,4,0
"1324",45,0,4,0.166666666666667,5,0
"1325",45,0,5,0.133333333333333,4,0
"1326",45,0,6,0,0,1
"1327",45,0,7,0.166666666666667,5,1
"1328",45,0,8,0.266666666666667,8,1
"1329",45,0,9,0.2,6,1
"1330",45,0,10,0.166666666666667,5,1
"1331",45,0,11,0.2,6,1
"1332",45,0,12,0.0333333333333333,1,1
"1333",45,0,13,0.166666666666667,5,1
"1334",45,0,14,0.266666666666667,8,1
"1335",45,0,15,0.133333333333333,4,1
"1336",45,1,1,0.133333333333333,4,0
"1337",45,1,2,0.133333333333333,4,0
"1338",45,1,3,0.133333333333333,4,0
"1339",45,1,4,0.166666666666667,5,0
"1340",45,1,5,0.133333333333333,4,0
"1341",45,1,6,0.166666666666667,5,1
"1342",45,1,7,0.133333333333333,4,1
"1343",45,1,8,0.133333333333333,4,1
"1344",45,1,9,0.133333333333333,4,1
"1345",45,1,10,0.233333333333333,7,1
"1346",45,1,11,0.166666666666667,5,1
"1347",45,1,12,0.233333333333333,7,1
"1348",45,1,13,0.266666666666667,8,1
"1349",45,1,14,0.466666666666667,14,1
"1350",45,1,15,0.6,18,1
"1351",46,0,1,0.0333333333333333,1,0
"1352",46,0,2,0.133333333333333,4,0
"1353",46,0,3,0.1,3,0
"1354",46,0,4,0.133333333333333,4,0
"1355",46,0,5,0.233333333333333,7,0
"1356",46,0,6,0.1,3,1
"1357",46,0,7,0.2,6,1
"1358",46,0,8,0.2,6,1
"1359",46,0,9,0.133333333333333,4,1
"1360",46,0,10,0.233333333333333,7,1
"1361",46,0,11,0.2,6,1
"1362",46,0,12,0.333333333333333,10,1
"1363",46,0,13,0.333333333333333,10,1
"1364",46,0,14,0.3,9,1
"1365",46,0,15,0.333333333333333,10,1
"1366",46,1,1,0.166666666666667,5,0
"1367",46,1,2,0.133333333333333,4,0
"1368",46,1,3,0.133333333333333,4,0
"1369",46,1,4,0.1,3,0
"1370",46,1,5,0.1,3,0
"1371",46,1,6,0.266666666666667,8,1
"1372",46,1,7,0.266666666666667,8,1
"1373",46,1,8,0.3,9,1
"1374",46,1,9,0.333333333333333,10,1
"1375",46,1,10,0.4,12,1
"1376",46,1,11,0.533333333333333,16,1
"1377",46,1,12,0.633333333333333,19,1
"1378",46,1,13,0.666666666666667,20,1
"1379",46,1,14,0.9,27,1
"1380",46,1,15,0.933333333333333,28,1
"1381",47,0,1,0.1,3,0
"1382",47,0,2,0.0333333333333333,1,0
"1383",47,0,3,0,0,0
"1384",47,0,4,0.0333333333333333,1,0
"1385",47,0,5,0.166666666666667,5,0
"1386",47,0,6,0.166666666666667,5,1
"1387",47,0,7,0.1,3,1
"1388",47,0,8,0.2,6,1
"1389",47,0,9,0.166666666666667,5,1
"1390",47,0,10,0.333333333333333,10,1
"1391",47,0,11,0.3,9,1
"1392",47,0,12,0.166666666666667,5,1
"1393",47,0,13,0.166666666666667,5,1
"1394",47,0,14,0.166666666666667,5,1
"1395",47,0,15,0.333333333333333,10,1
"1396",47,1,1,0.133333333333333,4,0
"1397",47,1,2,0.1,3,0
"1398",47,1,3,0.0666666666666667,2,0
"1399",47,1,4,0.0666666666666667,2,0
"1400",47,1,5,0.133333333333333,4,0
"1401",47,1,6,0.2,6,1
"1402",47,1,7,0.4,12,1
"1403",47,1,8,0.3,9,1
"1404",47,1,9,0.233333333333333,7,1
"1405",47,1,10,0.466666666666667,14,1
"1406",47,1,11,0.533333333333333,16,1
"1407",47,1,12,0.6,18,1
"1408",47,1,13,0.7,21,1
"1409",47,1,14,0.7,21,1
"1410",47,1,15,0.733333333333333,22,1
"1411",48,0,1,0.1,3,0
"1412",48,0,2,0.0666666666666667,2,0
"1413",48,0,3,0.1,3,0
"1414",48,0,4,0.0666666666666667,2,0
"1415",48,0,5,0.133333333333333,4,0
"1416",48,0,6,0.2,6,1
"1417",48,0,7,0.1,3,1
"1418",48,0,8,0.1,3,1
"1419",48,0,9,0.233333333333333,7,1
"1420",48,0,10,0.3,9,1
"1421",48,0,11,0.2,6,1
"1422",48,0,12,0.233333333333333,7,1
"1423",48,0,13,0.133333333333333,4,1
"1424",48,0,14,0.133333333333333,4,1
"1425",48,0,15,0.266666666666667,8,1
"1426",48,1,1,0.133333333333333,4,0
"1427",48,1,2,0.1,3,0
"1428",48,1,3,0.133333333333333,4,0
"1429",48,1,4,0.0666666666666667,2,0
"1430",48,1,5,0.133333333333333,4,0
"1431",48,1,6,0.166666666666667,5,1
"1432",48,1,7,0.333333333333333,10,1
"1433",48,1,8,0.166666666666667,5,1
"1434",48,1,9,0.266666666666667,8,1
"1435",48,1,10,0.4,12,1
"1436",48,1,11,0.433333333333333,13,1
"1437",48,1,12,0.333333333333333,10,1
"1438",48,1,13,0.5,15,1
"1439",48,1,14,0.533333333333333,16,1
"1440",48,1,15,0.566666666666667,17,1
"1441",49,0,1,0.2,6,0
"1442",49,0,2,0.133333333333333,4,0
"1443",49,0,3,0.233333333333333,7,0
"1444",49,0,4,0.133333333333333,4,0
"1445",49,0,5,0.166666666666667,5,0
"1446",49,0,6,0.166666666666667,5,1
"1447",49,0,7,0.166666666666667,5,1
"1448",49,0,8,0.233333333333333,7,1
"1449",49,0,9,0.366666666666667,11,1
"1450",49,0,10,0.266666666666667,8,1
"1451",49,0,11,0.266666666666667,8,1
"1452",49,0,12,0.333333333333333,10,1
"1453",49,0,13,0.333333333333333,10,1
"1454",49,0,14,0.4,12,1
"1455",49,0,15,0.266666666666667,8,1
"1456",49,1,1,0.1,3,0
"1457",49,1,2,0.133333333333333,4,0
"1458",49,1,3,0.233333333333333,7,0
"1459",49,1,4,0.1,3,0
"1460",49,1,5,0.133333333333333,4,0
"1461",49,1,6,0.166666666666667,5,1
"1462",49,1,7,0.5,15,1
"1463",49,1,8,0.4,12,1
"1464",49,1,9,0.533333333333333,16,1
"1465",49,1,10,0.6,18,1
"1466",49,1,11,0.6,18,1
"1467",49,1,12,0.8,24,1
"1468",49,1,13,0.8,24,1
"1469",49,1,14,0.833333333333333,25,1
"1470",49,1,15,0.833333333333333,25,1
"1471",50,0,1,0.0666666666666667,2,0
"1472",50,0,2,0.266666666666667,8,0
"1473",50,0,3,0.2,6,0
"1474",50,0,4,0.166666666666667,5,0
"1475",50,0,5,0.233333333333333,7,0
"1476",50,0,6,0.366666666666667,11,1
"1477",50,0,7,0.266666666666667,8,1
"1478",50,0,8,0.2,6,1
"1479",50,0,9,0.266666666666667,8,1
"1480",50,0,10,0.366666666666667,11,1
"1481",50,0,11,0.366666666666667,11,1
"1482",50,0,12,0.333333333333333,10,1
"1483",50,0,13,0.3,9,1
"1484",50,0,14,0.3,9,1
"1485",50,0,15,0.2,6,1
"1486",50,1,1,0.166666666666667,5,0
"1487",50,1,2,0.266666666666667,8,0
"1488",50,1,3,0.166666666666667,5,0
"1489",50,1,4,0.0666666666666667,2,0
"1490",50,1,5,0.166666666666667,5,0
"1491",50,1,6,0.266666666666667,8,1
"1492",50,1,7,0.333333333333333,10,1
"1493",50,1,8,0.3,9,1
"1494",50,1,9,0.333333333333333,10,1
"1495",50,1,10,0.6,18,1
"1496",50,1,11,0.6,18,1
"1497",50,1,12,0.633333333333333,19,1
"1498",50,1,13,0.733333333333333,22,1
"1499",50,1,14,0.733333333333333,22,1
"1500",50,1,15,0.766666666666667,23,1
"1501",51,0,1,0.266666666666667,8,0
"1502",51,0,2,0.4,12,0
"1503",51,0,3,0.366666666666667,11,0
"1504",51,0,4,0.3,9,0
"1505",51,0,5,0.3,9,0
"1506",51,0,6,0.233333333333333,7,1
"1507",51,0,7,0.366666666666667,11,1
"1508",51,0,8,0.366666666666667,11,1
"1509",51,0,9,0.433333333333333,13,1
"1510",51,0,10,0.3,9,1
"1511",51,0,11,0.433333333333333,13,1
"1512",51,0,12,0.333333333333333,10,1
"1513",51,0,13,0.4,12,1
"1514",51,0,14,0.5,15,1
"1515",51,0,15,0.566666666666667,17,1
"1516",51,1,1,0.3,9,0
"1517",51,1,2,0.166666666666667,5,0
"1518",51,1,3,0.166666666666667,5,0
"1519",51,1,4,0.133333333333333,4,0
"1520",51,1,5,0.3,9,0
"1521",51,1,6,0.366666666666667,11,1
"1522",51,1,7,0.366666666666667,11,1
"1523",51,1,8,0.566666666666667,17,1
"1524",51,1,9,0.433333333333333,13,1
"1525",51,1,10,0.6,18,1
"1526",51,1,11,0.633333333333333,19,1
"1527",51,1,12,0.633333333333333,19,1
"1528",51,1,13,0.566666666666667,17,1
"1529",51,1,14,0.666666666666667,20,1
"1530",51,1,15,0.5,15,1
"1531",52,0,1,0.133333333333333,4,0
"1532",52,0,2,0.3,9,0
"1533",52,0,3,0.333333333333333,10,0
"1534",52,0,4,0.266666666666667,8,0
"1535",52,0,5,0.233333333333333,7,0
"1536",52,0,6,0.133333333333333,4,1
"1537",52,0,7,0.233333333333333,7,1
"1538",52,0,8,0.433333333333333,13,1
"1539",52,0,9,0.4,12,1
"1540",52,0,10,0.566666666666667,17,1
"1541",52,0,11,0.4,12,1
"1542",52,0,12,0.3,9,1
"1543",52,0,13,0.433333333333333,13,1
"1544",52,0,14,0.4,12,1
"1545",52,0,15,0.5,15,1
"1546",52,1,1,0.133333333333333,4,0
"1547",52,1,2,0.1,3,0
"1548",52,1,3,0.133333333333333,4,0
"1549",52,1,4,0.266666666666667,8,0
"1550",52,1,5,0.233333333333333,7,0
"1551",52,1,6,0.2,6,1
"1552",52,1,7,0.466666666666667,14,1
"1553",52,1,8,0.333333333333333,10,1
"1554",52,1,9,0.4,12,1
"1555",52,1,10,0.366666666666667,11,1
"1556",52,1,11,0.533333333333333,16,1
"1557",52,1,12,0.633333333333333,19,1
"1558",52,1,13,0.733333333333333,22,1
"1559",52,1,14,0.633333333333333,19,1
"1560",52,1,15,0.666666666666667,20,1
"1561",53,0,1,0.0333333333333333,1,0
"1562",53,0,2,0.2,6,0
"1563",53,0,3,0.2,6,0
"1564",53,0,4,0.1,3,0
"1565",53,0,5,0.233333333333333,7,0
"1566",53,0,6,0.166666666666667,5,1
"1567",53,0,7,0.133333333333333,4,1
"1568",53,0,8,0.2,6,1
"1569",53,0,9,0.2,6,1
"1570",53,0,10,0.133333333333333,4,1
"1571",53,0,11,0.2,6,1
"1572",53,0,12,0.2,6,1
"1573",53,0,13,0.166666666666667,5,1
"1574",53,0,14,0.233333333333333,7,1
"1575",53,0,15,0.2,6,1
"1576",53,1,1,0.1,3,0
"1577",53,1,2,0.1,3,0
"1578",53,1,3,0.133333333333333,4,0
"1579",53,1,4,0.0666666666666667,2,0
"1580",53,1,5,0.1,3,0
"1581",53,1,6,0.133333333333333,4,1
"1582",53,1,7,0.266666666666667,8,1
"1583",53,1,8,0.266666666666667,8,1
"1584",53,1,9,0.166666666666667,5,1
"1585",53,1,10,0.3,9,1
"1586",53,1,11,0.3,9,1
"1587",53,1,12,0.333333333333333,10,1
"1588",53,1,13,0.266666666666667,8,1
"1589",53,1,14,0.433333333333333,13,1
"1590",53,1,15,0.466666666666667,14,1
"1591",54,0,1,0.233333333333333,7,0
"1592",54,0,2,0.333333333333333,10,0
"1593",54,0,3,0.3,9,0
"1594",54,0,4,0.333333333333333,10,0
"1595",54,0,5,0.466666666666667,14,0
"1596",54,0,6,0.433333333333333,13,1
"1597",54,0,7,0.466666666666667,14,1
"1598",54,0,8,0.6,18,1
"1599",54,0,9,0.5,15,1
"1600",54,0,10,0.5,15,1
"1601",54,0,11,0.533333333333333,16,1
"1602",54,0,12,0.566666666666667,17,1
"1603",54,0,13,0.466666666666667,14,1
"1604",54,0,14,0.466666666666667,14,1
"1605",54,0,15,0.466666666666667,14,1
"1606",54,1,1,0.4,12,0
"1607",54,1,2,0.5,15,0
"1608",54,1,3,0.333333333333333,10,0
"1609",54,1,4,0.2,6,0
"1610",54,1,5,0.366666666666667,11,0
"1611",54,1,6,0.5,15,1
"1612",54,1,7,0.633333333333333,19,1
"1613",54,1,8,0.6,18,1
"1614",54,1,9,0.733333333333333,22,1
"1615",54,1,10,0.633333333333333,19,1
"1616",54,1,11,0.766666666666667,23,1
"1617",54,1,12,0.833333333333333,25,1
"1618",54,1,13,0.833333333333333,25,1
"1619",54,1,14,0.833333333333333,25,1
"1620",54,1,15,0.866666666666667,26,1
"1621",55,0,1,0.133333333333333,4,0
"1622",55,0,2,0.1,3,0
"1623",55,0,3,0.133333333333333,4,0
"1624",55,0,4,0.166666666666667,5,0
"1625",55,0,5,0.133333333333333,4,0
"1626",55,0,6,0.3,9,1
"1627",55,0,7,0.166666666666667,5,1
"1628",55,0,8,0.133333333333333,4,1
"1629",55,0,9,0.166666666666667,5,1
"1630",55,0,10,0.233333333333333,7,1
"1631",55,0,11,0.266666666666667,8,1
"1632",55,0,12,0.233333333333333,7,1
"1633",55,0,13,0.233333333333333,7,1
"1634",55,0,14,0.266666666666667,8,1
"1635",55,0,15,0.266666666666667,8,1
"1636",55,1,1,0.166666666666667,5,0
"1637",55,1,2,0.166666666666667,5,0
"1638",55,1,3,0.1,3,0
"1639",55,1,4,0.166666666666667,5,0
"1640",55,1,5,0.166666666666667,5,0
"1641",55,1,6,0.133333333333333,4,1
"1642",55,1,7,0.166666666666667,5,1
"1643",55,1,8,0.166666666666667,5,1
"1644",55,1,9,0.133333333333333,4,1
"1645",55,1,10,0.0666666666666667,2,1
"1646",55,1,11,0.166666666666667,5,1
"1647",55,1,12,0.133333333333333,4,1
"1648",55,1,13,0.133333333333333,4,1
"1649",55,1,14,0.166666666666667,5,1
"1650",55,1,15,0.2,6,1
"1651",56,0,1,0.133333333333333,4,0
"1652",56,0,2,0.166666666666667,5,0
"1653",56,0,3,0.2,6,0
"1654",56,0,4,0.3,9,0
"1655",56,0,5,0.266666666666667,8,0
"1656",56,0,6,0.333333333333333,10,1
"1657",56,0,7,0.233333333333333,7,1
"1658",56,0,8,0.233333333333333,7,1
"1659",56,0,9,0.4,12,1
"1660",56,0,10,0.266666666666667,8,1
"1661",56,0,11,0.2,6,1
"1662",56,0,12,0.266666666666667,8,1
"1663",56,0,13,0.266666666666667,8,1
"1664",56,0,14,0.2,6,1
"1665",56,0,15,0.266666666666667,8,1
"1666",56,1,1,0.166666666666667,5,0
"1667",56,1,2,0.2,6,0
"1668",56,1,3,0.0666666666666667,2,0
"1669",56,1,4,0.1,3,0
"1670",56,1,5,0.1,3,0
"1671",56,1,6,0.233333333333333,7,1
"1672",56,1,7,0.266666666666667,8,1
"1673",56,1,8,0.266666666666667,8,1
"1674",56,1,9,0.533333333333333,16,1
"1675",56,1,10,0.566666666666667,17,1
"1676",56,1,11,0.633333333333333,19,1
"1677",56,1,12,0.6,18,1
"1678",56,1,13,0.6,18,1
"1679",56,1,14,0.766666666666667,23,1
"1680",56,1,15,0.8,24,1
"1681",57,0,1,0.166666666666667,5,0
"1682",57,0,2,0.1,3,0
"1683",57,0,3,0.2,6,0
"1684",57,0,4,0.2,6,0
"1685",57,0,5,0.2,6,0
"1686",57,0,6,0.1,3,1
"1687",57,0,7,0.333333333333333,10,1
"1688",57,0,8,0.2,6,1
"1689",57,0,9,0.166666666666667,5,1
"1690",57,0,10,0.3,9,1
"1691",57,0,11,0.2,6,1
"1692",57,0,12,0.3,9,1
"1693",57,0,13,0.266666666666667,8,1
"1694",57,0,14,0.166666666666667,5,1
"1695",57,0,15,0.266666666666667,8,1
"1696",57,1,1,0.0666666666666667,2,0
"1697",57,1,2,0.1,3,0
"1698",57,1,3,0,0,0
"1699",57,1,4,0.1,3,0
"1700",57,1,5,0.1,3,0
"1701",57,1,6,0.233333333333333,7,1
"1702",57,1,7,0.333333333333333,10,1
"1703",57,1,8,0.333333333333333,10,1
"1704",57,1,9,0.4,12,1
"1705",57,1,10,0.466666666666667,14,1
"1706",57,1,11,0.6,18,1
"1707",57,1,12,0.533333333333333,16,1
"1708",57,1,13,0.533333333333333,16,1
"1709",57,1,14,0.766666666666667,23,1
"1710",57,1,15,0.766666666666667,23,1
"1711",58,0,1,0.266666666666667,8,0
"1712",58,0,2,0.266666666666667,8,0
"1713",58,0,3,0.133333333333333,4,0
"1714",58,0,4,0.133333333333333,4,0
"1715",58,0,5,0.233333333333333,7,0
"1716",58,0,6,0.2,6,1
"1717",58,0,7,0.266666666666667,8,1
"1718",58,0,8,0.2,6,1
"1719",58,0,9,0.2,6,1
"1720",58,0,10,0.2,6,1
"1721",58,0,11,0.266666666666667,8,1
"1722",58,0,12,0.233333333333333,7,1
"1723",58,0,13,0.233333333333333,7,1
"1724",58,0,14,0.266666666666667,8,1
"1725",58,0,15,0.266666666666667,8,1
"1726",58,1,1,0.0666666666666667,2,0
"1727",58,1,2,0.233333333333333,7,0
"1728",58,1,3,0.1,3,0
"1729",58,1,4,0.166666666666667,5,0
"1730",58,1,5,0.133333333333333,4,0
"1731",58,1,6,0.266666666666667,8,1
"1732",58,1,7,0.433333333333333,13,1
"1733",58,1,8,0.366666666666667,11,1
"1734",58,1,9,0.366666666666667,11,1
"1735",58,1,10,0.433333333333333,13,1
"1736",58,1,11,0.3,9,1
"1737",58,1,12,0.533333333333333,16,1
"1738",58,1,13,0.466666666666667,14,1
"1739",58,1,14,0.466666666666667,14,1
"1740",58,1,15,0.4,12,1
"1741",59,0,1,0.333333333333333,10,0
"1742",59,0,2,0.1,3,0
"1743",59,0,3,0.2,6,0
"1744",59,0,4,0.3,9,0
"1745",59,0,5,0.166666666666667,5,0
"1746",59,0,6,0.166666666666667,5,1
"1747",59,0,7,0.3,9,1
"1748",59,0,8,0.3,9,1
"1749",59,0,9,0.3,9,1
"1750",59,0,10,0.3,9,1
"1751",59,0,11,0.3,9,1
"1752",59,0,12,0.333333333333333,10,1
"1753",59,0,13,0.333333333333333,10,1
"1754",59,0,14,0.366666666666667,11,1
"1755",59,0,15,0.466666666666667,14,1
"1756",59,1,1,0.166666666666667,5,0
"1757",59,1,2,0.3,9,0
"1758",59,1,3,0.233333333333333,7,0
"1759",59,1,4,0.1,3,0
"1760",59,1,5,0.166666666666667,5,0
"1761",59,1,6,0.233333333333333,7,1
"1762",59,1,7,0.2,6,1
"1763",59,1,8,0.3,9,1
"1764",59,1,9,0.366666666666667,11,1
"1765",59,1,10,0.333333333333333,10,1
"1766",59,1,11,0.366666666666667,11,1
"1767",59,1,12,0.5,15,1
"1768",59,1,13,0.433333333333333,13,1
"1769",59,1,14,0.466666666666667,14,1
"1770",59,1,15,0.4,12,1
"1771",60,0,1,0.166666666666667,5,0
"1772",60,0,2,0.2,6,0
"1773",60,0,3,0.1,3,0
"1774",60,0,4,0.1,3,0
"1775",60,0,5,0.2,6,0
"1776",60,0,6,0.1,3,1
"1777",60,0,7,0.233333333333333,7,1
"1778",60,0,8,0.2,6,1
"1779",60,0,9,0.133333333333333,4,1
"1780",60,0,10,0.233333333333333,7,1
"1781",60,0,11,0.266666666666667,8,1
"1782",60,0,12,0.2,6,1
"1783",60,0,13,0.3,9,1
"1784",60,0,14,0.466666666666667,14,1
"1785",60,0,15,0.5,15,1
"1786",60,1,1,0.166666666666667,5,0
"1787",60,1,2,0.233333333333333,7,0
"1788",60,1,3,0.366666666666667,11,0
"1789",60,1,4,0.3,9,0
"1790",60,1,5,0.233333333333333,7,0
"1791",60,1,6,0.3,9,1
"1792",60,1,7,0.233333333333333,7,1
"1793",60,1,8,0.366666666666667,11,1
"1794",60,1,9,0.3,9,1
"1795",60,1,10,0.333333333333333,10,1
"1796",60,1,11,0.633333333333333,19,1
"1797",60,1,12,0.6,18,1
"1798",60,1,13,0.566666666666667,17,1
"1799",60,1,14,0.7,21,1
"1800",60,1,15,0.7,21,1
"1801",61,0,1,0.266666666666667,8,0
"1802",61,0,2,0.133333333333333,4,0
"1803",61,0,3,0.2,6,0
"1804",61,0,4,0.2,6,0
"1805",61,0,5,0.2,6,0
"1806",61,0,6,0.233333333333333,7,1
"1807",61,0,7,0.2,6,1
"1808",61,0,8,0.333333333333333,10,1
"1809",61,0,9,0.233333333333333,7,1
"1810",61,0,10,0.3,9,1
"1811",61,0,11,0.3,9,1
"1812",61,0,12,0.333333333333333,10,1
"1813",61,0,13,0.4,12,1
"1814",61,0,14,0.466666666666667,14,1
"1815",61,0,15,0.3,9,1
"1816",61,1,1,0.3,9,0
"1817",61,1,2,0.366666666666667,11,0
"1818",61,1,3,0.266666666666667,8,0
"1819",61,1,4,0.166666666666667,5,0
"1820",61,1,5,0.2,6,0
"1821",61,1,6,0.333333333333333,10,1
"1822",61,1,7,0.333333333333333,10,1
"1823",61,1,8,0.5,15,1
"1824",61,1,9,0.5,15,1
"1825",61,1,10,0.433333333333333,13,1
"1826",61,1,11,0.4,12,1
"1827",61,1,12,0.566666666666667,17,1
"1828",61,1,13,0.633333333333333,19,1
"1829",61,1,14,0.633333333333333,19,1
"1830",61,1,15,0.8,24,1
"1831",62,0,1,0.266666666666667,8,0
"1832",62,0,2,0.2,6,0
"1833",62,0,3,0.2,6,0
"1834",62,0,4,0.2,6,0
"1835",62,0,5,0.2,6,0
"1836",62,0,6,0.333333333333333,10,1
"1837",62,0,7,0.233333333333333,7,1
"1838",62,0,8,0.133333333333333,4,1
"1839",62,0,9,0.133333333333333,4,1
"1840",62,0,10,0.2,6,1
"1841",62,0,11,0.4,12,1
"1842",62,0,12,0.333333333333333,10,1
"1843",62,0,13,0.333333333333333,10,1
"1844",62,0,14,0.3,9,1
"1845",62,0,15,0.333333333333333,10,1
"1846",62,1,1,0.2,6,0
"1847",62,1,2,0.133333333333333,4,0
"1848",62,1,3,0.233333333333333,7,0
"1849",62,1,4,0.3,9,0
"1850",62,1,5,0.233333333333333,7,0
"1851",62,1,6,0.3,9,1
"1852",62,1,7,0.5,15,1
"1853",62,1,8,0.7,21,1
"1854",62,1,9,0.6,18,1
"1855",62,1,10,0.766666666666667,23,1
"1856",62,1,11,0.733333333333333,22,1
"1857",62,1,12,0.8,24,1
"1858",62,1,13,0.8,24,1
"1859",62,1,14,0.9,27,1
"1860",62,1,15,0.966666666666667,29,1
"1861",63,0,1,0.166666666666667,5,0
"1862",63,0,2,0.133333333333333,4,0
"1863",63,0,3,0.166666666666667,5,0
"1864",63,0,4,0.2,6,0
"1865",63,0,5,0.133333333333333,4,0
"1866",63,0,6,0.133333333333333,4,1
"1867",63,0,7,0.2,6,1
"1868",63,0,8,0.133333333333333,4,1
"1869",63,0,9,0.0666666666666667,2,1
"1870",63,0,10,0.2,6,1
"1871",63,0,11,0.266666666666667,8,1
"1872",63,0,12,0.366666666666667,11,1
"1873",63,0,13,0.4,12,1
"1874",63,0,14,0.366666666666667,11,1
"1875",63,0,15,0.266666666666667,8,1
"1876",63,1,1,0.0666666666666667,2,0
"1877",63,1,2,0.1,3,0
"1878",63,1,3,0.1,3,0
"1879",63,1,4,0.166666666666667,5,0
"1880",63,1,5,0.166666666666667,5,0
"1881",63,1,6,0.233333333333333,7,1
"1882",63,1,7,0.4,12,1
"1883",63,1,8,0.433333333333333,13,1
"1884",63,1,9,0.4,12,1
"1885",63,1,10,0.433333333333333,13,1
"1886",63,1,11,0.5,15,1
"1887",63,1,12,0.433333333333333,13,1
"1888",63,1,13,0.666666666666667,20,1
"1889",63,1,14,0.833333333333333,25,1
"1890",63,1,15,0.866666666666667,26,1
"1891",64,0,1,0.233333333333333,7,0
"1892",64,0,2,0.133333333333333,4,0
"1893",64,0,3,0.166666666666667,5,0
"1894",64,0,4,0.166666666666667,5,0
"1895",64,0,5,0.133333333333333,4,0
"1896",64,0,6,0.266666666666667,8,1
"1897",64,0,7,0.2,6,1
"1898",64,0,8,0.133333333333333,4,1
"1899",64,0,9,0.166666666666667,5,1
"1900",64,0,10,0.166666666666667,5,1
"1901",64,0,11,0.2,6,1
"1902",64,0,12,0.2,6,1
"1903",64,0,13,0.3,9,1
"1904",64,0,14,0.2,6,1
"1905",64,0,15,0.2,6,1
"1906",64,1,1,0.133333333333333,4,0
"1907",64,1,2,0.2,6,0
"1908",64,1,3,0.133333333333333,4,0
"1909",64,1,4,0.2,6,0
"1910",64,1,5,0.133333333333333,4,0
"1911",64,1,6,0.133333333333333,4,1
"1912",64,1,7,0.333333333333333,10,1
"1913",64,1,8,0.233333333333333,7,1
"1914",64,1,9,0.333333333333333,10,1
"1915",64,1,10,0.433333333333333,13,1
"1916",64,1,11,0.333333333333333,10,1
"1917",64,1,12,0.333333333333333,10,1
"1918",64,1,13,0.4,12,1
"1919",64,1,14,0.566666666666667,17,1
"1920",64,1,15,0.6,18,1
"1921",65,0,1,0.0333333333333333,1,0
"1922",65,0,2,0,0,0
"1923",65,0,3,0.1,3,0
"1924",65,0,4,0.1,3,0
"1925",65,0,5,0.1,3,0
"1926",65,0,6,0.233333333333333,7,1
"1927",65,0,7,0.166666666666667,5,1
"1928",65,0,8,0.166666666666667,5,1
"1929",65,0,9,0.166666666666667,5,1
"1930",65,0,10,0.1,3,1
"1931",65,0,11,0.2,6,1
"1932",65,0,12,0.2,6,1
"1933",65,0,13,0.333333333333333,10,1
"1934",65,0,14,0.4,12,1
"1935",65,0,15,0.333333333333333,10,1
"1936",65,1,1,0.133333333333333,4,0
"1937",65,1,2,0.0666666666666667,2,0
"1938",65,1,3,0.166666666666667,5,0
"1939",65,1,4,0.0333333333333333,1,0
"1940",65,1,5,0.133333333333333,4,0
"1941",65,1,6,0.166666666666667,5,1
"1942",65,1,7,0.133333333333333,4,1
"1943",65,1,8,0.2,6,1
"1944",65,1,9,0.266666666666667,8,1
"1945",65,1,10,0.3,9,1
"1946",65,1,11,0.366666666666667,11,1
"1947",65,1,12,0.5,15,1
"1948",65,1,13,0.566666666666667,17,1
"1949",65,1,14,0.733333333333333,22,1
"1950",65,1,15,0.766666666666667,23,1
"1951",66,0,1,0.133333333333333,4,0
"1952",66,0,2,0.1,3,0
"1953",66,0,3,0.266666666666667,8,0
"1954",66,0,4,0.1,3,0
"1955",66,0,5,0.166666666666667,5,0
"1956",66,0,6,0.133333333333333,4,1
"1957",66,0,7,0.133333333333333,4,1
"1958",66,0,8,0.2,6,1
"1959",66,0,9,0.233333333333333,7,1
"1960",66,0,10,0.2,6,1
"1961",66,0,11,0.2,6,1
"1962",66,0,12,0.3,9,1
"1963",66,0,13,0.366666666666667,11,1
"1964",66,0,14,0.2,6,1
"1965",66,0,15,0.233333333333333,7,1
"1966",66,1,1,0.2,6,0
"1967",66,1,2,0.166666666666667,5,0
"1968",66,1,3,0.166666666666667,5,0
"1969",66,1,4,0.166666666666667,5,0
"1970",66,1,5,0.1,3,0
"1971",66,1,6,0.166666666666667,5,1
"1972",66,1,7,0.166666666666667,5,1
"1973",66,1,8,0.166666666666667,5,1
"1974",66,1,9,0.2,6,1
"1975",66,1,10,0.233333333333333,7,1
"1976",66,1,11,0.333333333333333,10,1
"1977",66,1,12,0.366666666666667,11,1
"1978",66,1,13,0.3,9,1
"1979",66,1,14,0.3,9,1
"1980",66,1,15,0.333333333333333,10,1
"1981",67,0,1,0.133333333333333,4,0
"1982",67,0,2,0.133333333333333,4,0
"1983",67,0,3,0.0666666666666667,2,0
"1984",67,0,4,0.133333333333333,4,0
"1985",67,0,5,0.166666666666667,5,0
"1986",67,0,6,0.266666666666667,8,1
"1987",67,0,7,0.133333333333333,4,1
"1988",67,0,8,0.133333333333333,4,1
"1989",67,0,9,0.233333333333333,7,1
"1990",67,0,10,0.366666666666667,11,1
"1991",67,0,11,0.166666666666667,5,1
"1992",67,0,12,0.166666666666667,5,1
"1993",67,0,13,0.2,6,1
"1994",67,0,14,0.366666666666667,11,1
"1995",67,0,15,0.2,6,1
"1996",67,1,1,0.1,3,0
"1997",67,1,2,0.2,6,0
"1998",67,1,3,0.1,3,0
"1999",67,1,4,0.133333333333333,4,0
"2000",67,1,5,0.2,6,0
"2001",67,1,6,0.1,3,1
"2002",67,1,7,0.166666666666667,5,1
"2003",67,1,8,0.266666666666667,8,1
"2004",67,1,9,0.3,9,1
"2005",67,1,10,0.3,9,1
"2006",67,1,11,0.366666666666667,11,1
"2007",67,1,12,0.366666666666667,11,1
"2008",67,1,13,0.5,15,1
"2009",67,1,14,0.433333333333333,13,1
"2010",67,1,15,0.3,9,1
"2011",68,0,1,0.366666666666667,11,0
"2012",68,0,2,0.366666666666667,11,0
"2013",68,0,3,0.366666666666667,11,0
"2014",68,0,4,0.3,9,0
"2015",68,0,5,0.5,15,0
"2016",68,0,6,0.4,12,1
"2017",68,0,7,0.466666666666667,14,1
"2018",68,0,8,0.6,18,1
"2019",68,0,9,0.633333333333333,19,1
"2020",68,0,10,0.433333333333333,13,1
"2021",68,0,11,0.433333333333333,13,1
"2022",68,0,12,0.5,15,1
"2023",68,0,13,0.6,18,1
"2024",68,0,14,0.5,15,1
"2025",68,0,15,0.633333333333333,19,1
"2026",68,1,1,0.366666666666667,11,0
"2027",68,1,2,0.466666666666667,14,0
"2028",68,1,3,0.466666666666667,14,0
"2029",68,1,4,0.433333333333333,13,0
"2030",68,1,5,0.466666666666667,14,0
"2031",68,1,6,0.733333333333333,22,1
"2032",68,1,7,0.733333333333333,22,1
"2033",68,1,8,0.666666666666667,20,1
"2034",68,1,9,0.8,24,1
"2035",68,1,10,0.7,21,1
"2036",68,1,11,0.9,27,1
"2037",68,1,12,0.866666666666667,26,1
"2038",68,1,13,0.933333333333333,28,1
"2039",68,1,14,0.933333333333333,28,1
"2040",68,1,15,0.966666666666667,29,1
"2041",69,0,1,0.166666666666667,5,0
"2042",69,0,2,0.2,6,0
"2043",69,0,3,0.233333333333333,7,0
"2044",69,0,4,0.133333333333333,4,0
"2045",69,0,5,0.0666666666666667,2,0
"2046",69,0,6,0.133333333333333,4,1
"2047",69,0,7,0.0666666666666667,2,1
"2048",69,0,8,0.1,3,1
"2049",69,0,9,0.166666666666667,5,1
"2050",69,0,10,0.266666666666667,8,1
"2051",69,0,11,0.1,3,1
"2052",69,0,12,0.2,6,1
"2053",69,0,13,0.166666666666667,5,1
"2054",69,0,14,0.2,6,1
"2055",69,0,15,0.166666666666667,5,1
"2056",69,1,1,0.133333333333333,4,0
"2057",69,1,2,0.0666666666666667,2,0
"2058",69,1,3,0.0666666666666667,2,0
"2059",69,1,4,0.1,3,0
"2060",69,1,5,0.0333333333333333,1,0
"2061",69,1,6,0.166666666666667,5,1
"2062",69,1,7,0.233333333333333,7,1
"2063",69,1,8,0.333333333333333,10,1
"2064",69,1,9,0.3,9,1
"2065",69,1,10,0.466666666666667,14,1
"2066",69,1,11,0.333333333333333,10,1
"2067",69,1,12,0.433333333333333,13,1
"2068",69,1,13,0.533333333333333,16,1
"2069",69,1,14,0.733333333333333,22,1
"2070",69,1,15,0.566666666666667,17,1
"2071",70,0,1,0.1,3,0
"2072",70,0,2,0.2,6,0
"2073",70,0,3,0.233333333333333,7,0
"2074",70,0,4,0.133333333333333,4,0
"2075",70,0,5,0.233333333333333,7,0
"2076",70,0,6,0.266666666666667,8,1
"2077",70,0,7,0.233333333333333,7,1
"2078",70,0,8,0.3,9,1
"2079",70,0,9,0.333333333333333,10,1
"2080",70,0,10,0.266666666666667,8,1
"2081",70,0,11,0.3,9,1
"2082",70,0,12,0.266666666666667,8,1
"2083",70,0,13,0.3,9,1
"2084",70,0,14,0.366666666666667,11,1
"2085",70,0,15,0.3,9,1
"2086",70,1,1,0.2,6,0
"2087",70,1,2,0.266666666666667,8,0
"2088",70,1,3,0.233333333333333,7,0
"2089",70,1,4,0.266666666666667,8,0
"2090",70,1,5,0.133333333333333,4,0
"2091",70,1,6,0.3,9,1
"2092",70,1,7,0.3,9,1
"2093",70,1,8,0.466666666666667,14,1
"2094",70,1,9,0.4,12,1
"2095",70,1,10,0.4,12,1
"2096",70,1,11,0.333333333333333,10,1
"2097",70,1,12,0.3,9,1
"2098",70,1,13,0.333333333333333,10,1
"2099",70,1,14,0.433333333333333,13,1
"2100",70,1,15,0.533333333333333,16,1
"2101",71,0,1,0.1,3,0
"2102",71,0,2,0.1,3,0
"2103",71,0,3,0.0666666666666667,2,0
"2104",71,0,4,0,0,0
"2105",71,0,5,0.1,3,0
"2106",71,0,6,0.1,3,1
"2107",71,0,7,0.133333333333333,4,1
"2108",71,0,8,0.233333333333333,7,1
"2109",71,0,9,0.133333333333333,4,1
"2110",71,0,10,0.0333333333333333,1,1
"2111",71,0,11,0.133333333333333,4,1
"2112",71,0,12,0.133333333333333,4,1
"2113",71,0,13,0.1,3,1
"2114",71,0,14,0.366666666666667,11,1
"2115",71,0,15,0.233333333333333,7,1
"2116",71,1,1,0.0333333333333333,1,0
"2117",71,1,2,0.0666666666666667,2,0
"2118",71,1,3,0.166666666666667,5,0
"2119",71,1,4,0.166666666666667,5,0
"2120",71,1,5,0.0666666666666667,2,0
"2121",71,1,6,0.0333333333333333,1,1
"2122",71,1,7,0.1,3,1
"2123",71,1,8,0.1,3,1
"2124",71,1,9,0.133333333333333,4,1
"2125",71,1,10,0.233333333333333,7,1
"2126",71,1,11,0.2,6,1
"2127",71,1,12,0.166666666666667,5,1
"2128",71,1,13,0.266666666666667,8,1
"2129",71,1,14,0.266666666666667,8,1
"2130",71,1,15,0.266666666666667,8,1
"2131",72,0,1,0.0666666666666667,2,0
"2132",72,0,2,0.166666666666667,5,0
"2133",72,0,3,0.1,3,0
"2134",72,0,4,0.133333333333333,4,0
"2135",72,0,5,0.166666666666667,5,0
"2136",72,0,6,0.1,3,1
"2137",72,0,7,0.2,6,1
"2138",72,0,8,0.133333333333333,4,1
"2139",72,0,9,0.166666666666667,5,1
"2140",72,0,10,0.2,6,1
"2141",72,0,11,0.3,9,1
"2142",72,0,12,0.2,6,1
"2143",72,0,13,0.2,6,1
"2144",72,0,14,0.166666666666667,5,1
"2145",72,0,15,0.233333333333333,7,1
"2146",72,1,1,0.1,3,0
"2147",72,1,2,0.1,3,0
"2148",72,1,3,0.1,3,0
"2149",72,1,4,0.0333333333333333,1,0
"2150",72,1,5,0.1,3,0
"2151",72,1,6,0.1,3,1
"2152",72,1,7,0.166666666666667,5,1
"2153",72,1,8,0.166666666666667,5,1
"2154",72,1,9,0.2,6,1
"2155",72,1,10,0.166666666666667,5,1
"2156",72,1,11,0.133333333333333,4,1
"2157",72,1,12,0.0666666666666667,2,1
"2158",72,1,13,0.2,6,1
"2159",72,1,14,0.133333333333333,4,1
"2160",72,1,15,0.266666666666667,8,1
"2161",73,0,1,0.166666666666667,5,0
"2162",73,0,2,0.2,6,0
"2163",73,0,3,0.133333333333333,4,0
"2164",73,0,4,0.133333333333333,4,0
"2165",73,0,5,0.4,12,0
"2166",73,0,6,0.333333333333333,10,1
"2167",73,0,7,0.2,6,1
"2168",73,0,8,0.266666666666667,8,1
"2169",73,0,9,0.2,6,1
"2170",73,0,10,0.0666666666666667,2,1
"2171",73,0,11,0.266666666666667,8,1
"2172",73,0,12,0.266666666666667,8,1
"2173",73,0,13,0.366666666666667,11,1
"2174",73,0,14,0.3,9,1
"2175",73,0,15,0.266666666666667,8,1
"2176",73,1,1,0.3,9,0
"2177",73,1,2,0.266666666666667,8,0
"2178",73,1,3,0.233333333333333,7,0
"2179",73,1,4,0.1,3,0
"2180",73,1,5,0.233333333333333,7,0
"2181",73,1,6,0.233333333333333,7,1
"2182",73,1,7,0.333333333333333,10,1
"2183",73,1,8,0.3,9,1
"2184",73,1,9,0.3,9,1
"2185",73,1,10,0.266666666666667,8,1
"2186",73,1,11,0.433333333333333,13,1
"2187",73,1,12,0.333333333333333,10,1
"2188",73,1,13,0.333333333333333,10,1
"2189",73,1,14,0.333333333333333,10,1
"2190",73,1,15,0.4,12,1
"2191",74,0,1,0.233333333333333,7,0
"2192",74,0,2,0.166666666666667,5,0
"2193",74,0,3,0.233333333333333,7,0
"2194",74,0,4,0.233333333333333,7,0
"2195",74,0,5,0.2,6,0
"2196",74,0,6,0.2,6,1
"2197",74,0,7,0.3,9,1
"2198",74,0,8,0.2,6,1
"2199",74,0,9,0.2,6,1
"2200",74,0,10,0.166666666666667,5,1
"2201",74,0,11,0.266666666666667,8,1
"2202",74,0,12,0.133333333333333,4,1
"2203",74,0,13,0.166666666666667,5,1
"2204",74,0,14,0.233333333333333,7,1
"2205",74,0,15,0.166666666666667,5,1
"2206",74,1,1,0.0333333333333333,1,0
"2207",74,1,2,0.1,3,0
"2208",74,1,3,0.2,6,0
"2209",74,1,4,0.333333333333333,10,0
"2210",74,1,5,0.0333333333333333,1,0
"2211",74,1,6,0.2,6,1
"2212",74,1,7,0.3,9,1
"2213",74,1,8,0.2,6,1
"2214",74,1,9,0.3,9,1
"2215",74,1,10,0.4,12,1
"2216",74,1,11,0.5,15,1
"2217",74,1,12,0.433333333333333,13,1
"2218",74,1,13,0.466666666666667,14,1
"2219",74,1,14,0.5,15,1
"2220",74,1,15,0.566666666666667,17,1
"2221",75,0,1,0.233333333333333,7,0
"2222",75,0,2,0.233333333333333,7,0
"2223",75,0,3,0.166666666666667,5,0
"2224",75,0,4,0.233333333333333,7,0
"2225",75,0,5,0.333333333333333,10,0
"2226",75,0,6,0.3,9,1
"2227",75,0,7,0.3,9,1
"2228",75,0,8,0.233333333333333,7,1
"2229",75,0,9,0.2,6,1
"2230",75,0,10,0.266666666666667,8,1
"2231",75,0,11,0.1,3,1
"2232",75,0,12,0.233333333333333,7,1
"2233",75,0,13,0.466666666666667,14,1
"2234",75,0,14,0.4,12,1
"2235",75,0,15,0.366666666666667,11,1
"2236",75,1,1,0.166666666666667,5,0
"2237",75,1,2,0.233333333333333,7,0
"2238",75,1,3,0.366666666666667,11,0
"2239",75,1,4,0.233333333333333,7,0
"2240",75,1,5,0.233333333333333,7,0
"2241",75,1,6,0.266666666666667,8,1
"2242",75,1,7,0.233333333333333,7,1
"2243",75,1,8,0.233333333333333,7,1
"2244",75,1,9,0.2,6,1
"2245",75,1,10,0.3,9,1
"2246",75,1,11,0.233333333333333,7,1
"2247",75,1,12,0.333333333333333,10,1
"2248",75,1,13,0.3,9,1
"2249",75,1,14,0.366666666666667,11,1
"2250",75,1,15,0.3,9,1
"2251",76,0,1,0.133333333333333,4,0
"2252",76,0,2,0.133333333333333,4,0
"2253",76,0,3,0.266666666666667,8,0
"2254",76,0,4,0.233333333333333,7,0
"2255",76,0,5,0.166666666666667,5,0
"2256",76,0,6,0.133333333333333,4,1
"2257",76,0,7,0.2,6,1
"2258",76,0,8,0.133333333333333,4,1
"2259",76,0,9,0.233333333333333,7,1
"2260",76,0,10,0.233333333333333,7,1
"2261",76,0,11,0.333333333333333,10,1
"2262",76,0,12,0.366666666666667,11,1
"2263",76,0,13,0.333333333333333,10,1
"2264",76,0,14,0.333333333333333,10,1
"2265",76,0,15,0.2,6,1
"2266",76,1,1,0.2,6,0
"2267",76,1,2,0.166666666666667,5,0
"2268",76,1,3,0.233333333333333,7,0
"2269",76,1,4,0.166666666666667,5,0
"2270",76,1,5,0.166666666666667,5,0
"2271",76,1,6,0.2,6,1
"2272",76,1,7,0.1,3,1
"2273",76,1,8,0.3,9,1
"2274",76,1,9,0.366666666666667,11,1
"2275",76,1,10,0.433333333333333,13,1
"2276",76,1,11,0.5,15,1
"2277",76,1,12,0.5,15,1
"2278",76,1,13,0.6,18,1
"2279",76,1,14,0.633333333333333,19,1
"2280",76,1,15,0.666666666666667,20,1
"2281",77,0,1,0.1,3,0
"2282",77,0,2,0.0666666666666667,2,0
"2283",77,0,3,0.0666666666666667,2,0
"2284",77,0,4,0.1,3,0
"2285",77,0,5,0.0333333333333333,1,0
"2286",77,0,6,0.1,3,1
"2287",77,0,7,0.166666666666667,5,1
"2288",77,0,8,0.233333333333333,7,1
"2289",77,0,9,0.266666666666667,8,1
"2290",77,0,10,0.233333333333333,7,1
"2291",77,0,11,0.166666666666667,5,1
"2292",77,0,12,0.266666666666667,8,1
"2293",77,0,13,0.233333333333333,7,1
"2294",77,0,14,0.133333333333333,4,1
"2295",77,0,15,0.233333333333333,7,1
"2296",77,1,1,0.0666666666666667,2,0
"2297",77,1,2,0.0666666666666667,2,0
"2298",77,1,3,0.2,6,0
"2299",77,1,4,0.133333333333333,4,0
"2300",77,1,5,0.166666666666667,5,0
"2301",77,1,6,0.0666666666666667,2,1
"2302",77,1,7,0.1,3,1
"2303",77,1,8,0.0333333333333333,1,1
"2304",77,1,9,0.166666666666667,5,1
"2305",77,1,10,0.166666666666667,5,1
"2306",77,1,11,0.133333333333333,4,1
"2307",77,1,12,0.266666666666667,8,1
"2308",77,1,13,0.233333333333333,7,1
"2309",77,1,14,0.233333333333333,7,1
"2310",77,1,15,0.266666666666667,8,1
"2311",78,0,1,0.0333333333333333,1,0
"2312",78,0,2,0.0333333333333333,1,0
"2313",78,0,3,0.1,3,0
"2314",78,0,4,0.0666666666666667,2,0
"2315",78,0,5,0.0666666666666667,2,0
"2316",78,0,6,0.133333333333333,4,1
"2317",78,0,7,0.133333333333333,4,1
"2318",78,0,8,0.133333333333333,4,1
"2319",78,0,9,0.1,3,1
"2320",78,0,10,0.166666666666667,5,1
"2321",78,0,11,0.166666666666667,5,1
"2322",78,0,12,0.133333333333333,4,1
"2323",78,0,13,0.233333333333333,7,1
"2324",78,0,14,0.166666666666667,5,1
"2325",78,0,15,0.2,6,1
"2326",78,1,1,0,0,0
"2327",78,1,2,0.0333333333333333,1,0
"2328",78,1,3,0.0333333333333333,1,0
"2329",78,1,4,0.1,3,0
"2330",78,1,5,0.1,3,0
"2331",78,1,6,0.0666666666666667,2,1
"2332",78,1,7,0.1,3,1
"2333",78,1,8,0.1,3,1
"2334",78,1,9,0.133333333333333,4,1
"2335",78,1,10,0.2,6,1
"2336",78,1,11,0.2,6,1
"2337",78,1,12,0.133333333333333,4,1
"2338",78,1,13,0.333333333333333,10,1
"2339",78,1,14,0.333333333333333,10,1
"2340",78,1,15,0.433333333333333,13,1
"2341",79,0,1,0.166666666666667,5,0
"2342",79,0,2,0.233333333333333,7,0
"2343",79,0,3,0.133333333333333,4,0
"2344",79,0,4,0.1,3,0
"2345",79,0,5,0.166666666666667,5,0
"2346",79,0,6,0.166666666666667,5,1
"2347",79,0,7,0.166666666666667,5,1
"2348",79,0,8,0.133333333333333,4,1
"2349",79,0,9,0.2,6,1
"2350",79,0,10,0.166666666666667,5,1
"2351",79,0,11,0.2,6,1
"2352",79,0,12,0.233333333333333,7,1
"2353",79,0,13,0.233333333333333,7,1
"2354",79,0,14,0.233333333333333,7,1
"2355",79,0,15,0.3,9,1
"2356",79,1,1,0.1,3,0
"2357",79,1,2,0.0333333333333333,1,0
"2358",79,1,3,0.0333333333333333,1,0
"2359",79,1,4,0.1,3,0
"2360",79,1,5,0.1,3,0
"2361",79,1,6,0.2,6,1
"2362",79,1,7,0.2,6,1
"2363",79,1,8,0.233333333333333,7,1
"2364",79,1,9,0.266666666666667,8,1
"2365",79,1,10,0.4,12,1
"2366",79,1,11,0.4,12,1
"2367",79,1,12,0.433333333333333,13,1
"2368",79,1,13,0.466666666666667,14,1
"2369",79,1,14,0.566666666666667,17,1
"2370",79,1,15,0.6,18,1
"2371",80,0,1,0.2,6,0
"2372",80,0,2,0.3,9,0
"2373",80,0,3,0.2,6,0
"2374",80,0,4,0.133333333333333,4,0
"2375",80,0,5,0.2,6,0
"2376",80,0,6,0.3,9,1
"2377",80,0,7,0.233333333333333,7,1
"2378",80,0,8,0.166666666666667,5,1
"2379",80,0,9,0.333333333333333,10,1
"2380",80,0,10,0.266666666666667,8,1
"2381",80,0,11,0.266666666666667,8,1
"2382",80,0,12,0.3,9,1
"2383",80,0,13,0.233333333333333,7,1
"2384",80,0,14,0.433333333333333,13,1
"2385",80,0,15,0.2,6,1
"2386",80,1,1,0.2,6,0
"2387",80,1,2,0.166666666666667,5,0
"2388",80,1,3,0.133333333333333,4,0
"2389",80,1,4,0.266666666666667,8,0
"2390",80,1,5,0.3,9,0
"2391",80,1,6,0.233333333333333,7,1
"2392",80,1,7,0.233333333333333,7,1
"2393",80,1,8,0.266666666666667,8,1
"2394",80,1,9,0.2,6,1
"2395",80,1,10,0.333333333333333,10,1
"2396",80,1,11,0.333333333333333,10,1
"2397",80,1,12,0.3,9,1
"2398",80,1,13,0.333333333333333,10,1
"2399",80,1,14,0.266666666666667,8,1
"2400",80,1,15,0.2,6,1
"2401",81,0,1,0.2,6,0
"2402",81,0,2,0.266666666666667,8,0
"2403",81,0,3,0.266666666666667,8,0
"2404",81,0,4,0.133333333333333,4,0
"2405",81,0,5,0.3,9,0
"2406",81,0,6,0.333333333333333,10,1
"2407",81,0,7,0.3,9,1
"2408",81,0,8,0.3,9,1
"2409",81,0,9,0.166666666666667,5,1
"2410",81,0,10,0.333333333333333,10,1
"2411",81,0,11,0.366666666666667,11,1
"2412",81,0,12,0.366666666666667,11,1
"2413",81,0,13,0.233333333333333,7,1
"2414",81,0,14,0.3,9,1
"2415",81,0,15,0.4,12,1
"2416",81,1,1,0.233333333333333,7,0
"2417",81,1,2,0.166666666666667,5,0
"2418",81,1,3,0.233333333333333,7,0
"2419",81,1,4,0.2,6,0
"2420",81,1,5,0.166666666666667,5,0
"2421",81,1,6,0.4,12,1
"2422",81,1,7,0.466666666666667,14,1
"2423",81,1,8,0.366666666666667,11,1
"2424",81,1,9,0.4,12,1
"2425",81,1,10,0.5,15,1
"2426",81,1,11,0.633333333333333,19,1
"2427",81,1,12,0.733333333333333,22,1
"2428",81,1,13,0.7,21,1
"2429",81,1,14,0.733333333333333,22,1
"2430",81,1,15,0.766666666666667,23,1
"2431",82,0,1,0.1,3,0
"2432",82,0,2,0.1,3,0
"2433",82,0,3,0.1,3,0
"2434",82,0,4,0.366666666666667,11,0
"2435",82,0,5,0.166666666666667,5,0
"2436",82,0,6,0.266666666666667,8,1
"2437",82,0,7,0.133333333333333,4,1
"2438",82,0,8,0.133333333333333,4,1
"2439",82,0,9,0.266666666666667,8,1
"2440",82,0,10,0.266666666666667,8,1
"2441",82,0,11,0.2,6,1
"2442",82,0,12,0.2,6,1
"2443",82,0,13,0.333333333333333,10,1
"2444",82,0,14,0.166666666666667,5,1
"2445",82,0,15,0.133333333333333,4,1
"2446",82,1,1,0.133333333333333,4,0
"2447",82,1,2,0.233333333333333,7,0
"2448",82,1,3,0.133333333333333,4,0
"2449",82,1,4,0.0666666666666667,2,0
"2450",82,1,5,0.166666666666667,5,0
"2451",82,1,6,0.3,9,1
"2452",82,1,7,0.233333333333333,7,1
"2453",82,1,8,0.2,6,1
"2454",82,1,9,0.1,3,1
"2455",82,1,10,0.166666666666667,5,1
"2456",82,1,11,0.266666666666667,8,1
"2457",82,1,12,0.266666666666667,8,1
"2458",82,1,13,0.2,6,1
"2459",82,1,14,0.366666666666667,11,1
"2460",82,1,15,0.366666666666667,11,1
"2461",83,0,1,0.166666666666667,5,0
"2462",83,0,2,0.2,6,0
"2463",83,0,3,0.166666666666667,5,0
"2464",83,0,4,0.266666666666667,8,0
"2465",83,0,5,0.166666666666667,5,0
"2466",83,0,6,0.166666666666667,5,1
"2467",83,0,7,0.4,12,1
"2468",83,0,8,0.233333333333333,7,1
"2469",83,0,9,0.3,9,1
"2470",83,0,10,0.366666666666667,11,1
"2471",83,0,11,0.266666666666667,8,1
"2472",83,0,12,0.366666666666667,11,1
"2473",83,0,13,0.333333333333333,10,1
"2474",83,0,14,0.266666666666667,8,1
"2475",83,0,15,0.266666666666667,8,1
"2476",83,1,1,0.233333333333333,7,0
"2477",83,1,2,0.133333333333333,4,0
"2478",83,1,3,0.133333333333333,4,0
"2479",83,1,4,0.166666666666667,5,0
"2480",83,1,5,0.0666666666666667,2,0
"2481",83,1,6,0.2,6,1
"2482",83,1,7,0.233333333333333,7,1
"2483",83,1,8,0.333333333333333,10,1
"2484",83,1,9,0.366666666666667,11,1
"2485",83,1,10,0.5,15,1
"2486",83,1,11,0.533333333333333,16,1
"2487",83,1,12,0.5,15,1
"2488",83,1,13,0.433333333333333,13,1
"2489",83,1,14,0.433333333333333,13,1
"2490",83,1,15,0.4,12,1
"2491",84,0,1,0.2,6,0
"2492",84,0,2,0.266666666666667,8,0
"2493",84,0,3,0.266666666666667,8,0
"2494",84,0,4,0.333333333333333,10,0
"2495",84,0,5,0.233333333333333,7,0
"2496",84,0,6,0.266666666666667,8,1
"2497",84,0,7,0.3,9,1
"2498",84,0,8,0.433333333333333,13,1
"2499",84,0,9,0.366666666666667,11,1
"2500",84,0,10,0.366666666666667,11,1
"2501",84,0,11,0.433333333333333,13,1
"2502",84,0,12,0.433333333333333,13,1
"2503",84,0,13,0.433333333333333,13,1
"2504",84,0,14,0.5,15,1
"2505",84,0,15,0.466666666666667,14,1
"2506",84,1,1,0.133333333333333,4,0
"2507",84,1,2,0.166666666666667,5,0
"2508",84,1,3,0.2,6,0
"2509",84,1,4,0.333333333333333,10,0
"2510",84,1,5,0.4,12,0
"2511",84,1,6,0.433333333333333,13,1
"2512",84,1,7,0.433333333333333,13,1
"2513",84,1,8,0.6,18,1
"2514",84,1,9,0.666666666666667,20,1
"2515",84,1,10,0.7,21,1
"2516",84,1,11,0.6,18,1
"2517",84,1,12,0.733333333333333,22,1
"2518",84,1,13,0.8,24,1
"2519",84,1,14,0.8,24,1
"2520",84,1,15,0.9,27,1
"2521",85,0,1,0.3,9,0
"2522",85,0,2,0.3,9,0
"2523",85,0,3,0.333333333333333,10,0
"2524",85,0,4,0.133333333333333,4,0
"2525",85,0,5,0.266666666666667,8,0
"2526",85,0,6,0.466666666666667,14,1
"2527",85,0,7,0.3,9,1
"2528",85,0,8,0.433333333333333,13,1
"2529",85,0,9,0.333333333333333,10,1
"2530",85,0,10,0.4,12,1
"2531",85,0,11,0.5,15,1
"2532",85,0,12,0.4,12,1
"2533",85,0,13,0.366666666666667,11,1
"2534",85,0,14,0.433333333333333,13,1
"2535",85,0,15,0.5,15,1
"2536",85,1,1,0.166666666666667,5,0
"2537",85,1,2,0.366666666666667,11,0
"2538",85,1,3,0.433333333333333,13,0
"2539",85,1,4,0.4,12,0
"2540",85,1,5,0.5,15,0
"2541",85,1,6,0.466666666666667,14,1
"2542",85,1,7,0.4,12,1
"2543",85,1,8,0.6,18,1
"2544",85,1,9,0.7,21,1
"2545",85,1,10,0.7,21,1
"2546",85,1,11,0.866666666666667,26,1
"2547",85,1,12,0.8,24,1
"2548",85,1,13,0.966666666666667,29,1
"2549",85,1,14,0.833333333333333,25,1
"2550",85,1,15,0.966666666666667,29,1
"2551",86,0,1,0.0333333333333333,1,0
"2552",86,0,2,0.1,3,0
"2553",86,0,3,0.1,3,0
"2554",86,0,4,0.1,3,0
"2555",86,0,5,0.1,3,0
"2556",86,0,6,0.133333333333333,4,1
"2557",86,0,7,0.133333333333333,4,1
"2558",86,0,8,0.133333333333333,4,1
"2559",86,0,9,0.133333333333333,4,1
"2560",86,0,10,0.1,3,1
"2561",86,0,11,0.133333333333333,4,1
"2562",86,0,12,0.1,3,1
"2563",86,0,13,0.133333333333333,4,1
"2564",86,0,14,0.133333333333333,4,1
"2565",86,0,15,0.2,6,1
"2566",86,1,1,0.1,3,0
"2567",86,1,2,0.1,3,0
"2568",86,1,3,0,0,0
"2569",86,1,4,0.0666666666666667,2,0
"2570",86,1,5,0.2,6,0
"2571",86,1,6,0.266666666666667,8,1
"2572",86,1,7,0.0666666666666667,2,1
"2573",86,1,8,0.2,6,1
"2574",86,1,9,0.3,9,1
"2575",86,1,10,0.333333333333333,10,1
"2576",86,1,11,0.433333333333333,13,1
"2577",86,1,12,0.333333333333333,10,1
"2578",86,1,13,0.433333333333333,13,1
"2579",86,1,14,0.433333333333333,13,1
"2580",86,1,15,0.5,15,1
"2581",87,0,1,0.133333333333333,4,0
"2582",87,0,2,0.0666666666666667,2,0
"2583",87,0,3,0.1,3,0
"2584",87,0,4,0.266666666666667,8,0
"2585",87,0,5,0.233333333333333,7,0
"2586",87,0,6,0.2,6,1
"2587",87,0,7,0.2,6,1
"2588",87,0,8,0.233333333333333,7,1
"2589",87,0,9,0.2,6,1
"2590",87,0,10,0.166666666666667,5,1
"2591",87,0,11,0.133333333333333,4,1
"2592",87,0,12,0.3,9,1
"2593",87,0,13,0.233333333333333,7,1
"2594",87,0,14,0.333333333333333,10,1
"2595",87,0,15,0.266666666666667,8,1
"2596",87,1,1,0.166666666666667,5,0
"2597",87,1,2,0.166666666666667,5,0
"2598",87,1,3,0.133333333333333,4,0
"2599",87,1,4,0.133333333333333,4,0
"2600",87,1,5,0.2,6,0
"2601",87,1,6,0.233333333333333,7,1
"2602",87,1,7,0.3,9,1
"2603",87,1,8,0.333333333333333,10,1
"2604",87,1,9,0.3,9,1
"2605",87,1,10,0.166666666666667,5,1
"2606",87,1,11,0.333333333333333,10,1
"2607",87,1,12,0.333333333333333,10,1
"2608",87,1,13,0.466666666666667,14,1
"2609",87,1,14,0.3,9,1
"2610",87,1,15,0.533333333333333,16,1
"2611",88,0,1,0.166666666666667,5,0
"2612",88,0,2,0.366666666666667,11,0
"2613",88,0,3,0.333333333333333,10,0
"2614",88,0,4,0.4,12,0
"2615",88,0,5,0.266666666666667,8,0
"2616",88,0,6,0.333333333333333,10,1
"2617",88,0,7,0.3,9,1
"2618",88,0,8,0.266666666666667,8,1
"2619",88,0,9,0.366666666666667,11,1
"2620",88,0,10,0.366666666666667,11,1
"2621",88,0,11,0.533333333333333,16,1
"2622",88,0,12,0.3,9,1
"2623",88,0,13,0.533333333333333,16,1
"2624",88,0,14,0.4,12,1
"2625",88,0,15,0.433333333333333,13,1
"2626",88,1,1,0.233333333333333,7,0
"2627",88,1,2,0.2,6,0
"2628",88,1,3,0.266666666666667,8,0
"2629",88,1,4,0.366666666666667,11,0
"2630",88,1,5,0.2,6,0
"2631",88,1,6,0.4,12,1
"2632",88,1,7,0.466666666666667,14,1
"2633",88,1,8,0.3,9,1
"2634",88,1,9,0.333333333333333,10,1
"2635",88,1,10,0.3,9,1
"2636",88,1,11,0.266666666666667,8,1
"2637",88,1,12,0.366666666666667,11,1
"2638",88,1,13,0.466666666666667,14,1
"2639",88,1,14,0.5,15,1
"2640",88,1,15,0.333333333333333,10,1
"2641",89,0,1,0.1,3,0
"2642",89,0,2,0.133333333333333,4,0
"2643",89,0,3,0.166666666666667,5,0
"2644",89,0,4,0.2,6,0
"2645",89,0,5,0.133333333333333,4,0
"2646",89,0,6,0.233333333333333,7,1
"2647",89,0,7,0.233333333333333,7,1
"2648",89,0,8,0.133333333333333,4,1
"2649",89,0,9,0.2,6,1
"2650",89,0,10,0.2,6,1
"2651",89,0,11,0.233333333333333,7,1
"2652",89,0,12,0.333333333333333,10,1
"2653",89,0,13,0.333333333333333,10,1
"2654",89,0,14,0.4,12,1
"2655",89,0,15,0.233333333333333,7,1
"2656",89,1,1,0.166666666666667,5,0
"2657",89,1,2,0.133333333333333,4,0
"2658",89,1,3,0.233333333333333,7,0
"2659",89,1,4,0.266666666666667,8,0
"2660",89,1,5,0.166666666666667,5,0
"2661",89,1,6,0.0666666666666667,2,1
"2662",89,1,7,0.233333333333333,7,1
"2663",89,1,8,0.266666666666667,8,1
"2664",89,1,9,0.266666666666667,8,1
"2665",89,1,10,0.166666666666667,5,1
"2666",89,1,11,0.2,6,1
"2667",89,1,12,0.233333333333333,7,1
"2668",89,1,13,0.2,6,1
"2669",89,1,14,0.433333333333333,13,1
"2670",89,1,15,0.233333333333333,7,1
"2671",90,0,1,0.166666666666667,5,0
"2672",90,0,2,0.166666666666667,5,0
"2673",90,0,3,0.266666666666667,8,0
"2674",90,0,4,0.266666666666667,8,0
"2675",90,0,5,0.2,6,0
"2676",90,0,6,0.233333333333333,7,1
"2677",90,0,7,0.2,6,1
"2678",90,0,8,0.166666666666667,5,1
"2679",90,0,9,0.133333333333333,4,1
"2680",90,0,10,0.233333333333333,7,1
"2681",90,0,11,0.133333333333333,4,1
"2682",90,0,12,0.2,6,1
"2683",90,0,13,0.3,9,1
"2684",90,0,14,0.366666666666667,11,1
"2685",90,0,15,0.233333333333333,7,1
"2686",90,1,1,0.1,3,0
"2687",90,1,2,0.166666666666667,5,0
"2688",90,1,3,0.266666666666667,8,0
"2689",90,1,4,0.2,6,0
"2690",90,1,5,0.266666666666667,8,0
"2691",90,1,6,0.233333333333333,7,1
"2692",90,1,7,0.3,9,1
"2693",90,1,8,0.233333333333333,7,1
"2694",90,1,9,0.133333333333333,4,1
"2695",90,1,10,0.366666666666667,11,1
"2696",90,1,11,0.4,12,1
"2697",90,1,12,0.3,9,1
"2698",90,1,13,0.233333333333333,7,1
"2699",90,1,14,0.3,9,1
"2700",90,1,15,0.4,12,1
"2701",91,0,1,0.133333333333333,4,0
"2702",91,0,2,0.233333333333333,7,0
"2703",91,0,3,0.3,9,0
"2704",91,0,4,0.133333333333333,4,0
"2705",91,0,5,0.166666666666667,5,0
"2706",91,0,6,0.333333333333333,10,1
"2707",91,0,7,0.3,9,1
"2708",91,0,8,0.2,6,1
"2709",91,0,9,0.266666666666667,8,1
"2710",91,0,10,0.2,6,1
"2711",91,0,11,0.266666666666667,8,1
"2712",91,0,12,0.333333333333333,10,1
"2713",91,0,13,0.266666666666667,8,1
"2714",91,0,14,0.3,9,1
"2715",91,0,15,0.4,12,1
"2716",91,1,1,0.0666666666666667,2,0
"2717",91,1,2,0.1,3,0
"2718",91,1,3,0.133333333333333,4,0
"2719",91,1,4,0.0666666666666667,2,0
"2720",91,1,5,0.133333333333333,4,0
"2721",91,1,6,0.233333333333333,7,1
"2722",91,1,7,0.3,9,1
"2723",91,1,8,0.5,15,1
"2724",91,1,9,0.433333333333333,13,1
"2725",91,1,10,0.633333333333333,19,1
"2726",91,1,11,0.6,18,1
"2727",91,1,12,0.566666666666667,17,1
"2728",91,1,13,0.666666666666667,20,1
"2729",91,1,14,0.7,21,1
"2730",91,1,15,0.9,27,1
"2731",92,0,1,0.133333333333333,4,0
"2732",92,0,2,0.0666666666666667,2,0
"2733",92,0,3,0.133333333333333,4,0
"2734",92,0,4,0.166666666666667,5,0
"2735",92,0,5,0.133333333333333,4,0
"2736",92,0,6,0.133333333333333,4,1
"2737",92,0,7,0.133333333333333,4,1
"2738",92,0,8,0.166666666666667,5,1
"2739",92,0,9,0.333333333333333,10,1
"2740",92,0,10,0.166666666666667,5,1
"2741",92,0,11,0.266666666666667,8,1
"2742",92,0,12,0.266666666666667,8,1
"2743",92,0,13,0.266666666666667,8,1
"2744",92,0,14,0.166666666666667,5,1
"2745",92,0,15,0.233333333333333,7,1
"2746",92,1,1,0.0666666666666667,2,0
"2747",92,1,2,0.166666666666667,5,0
"2748",92,1,3,0.2,6,0
"2749",92,1,4,0.2,6,0
"2750",92,1,5,0.233333333333333,7,0
"2751",92,1,6,0.2,6,1
"2752",92,1,7,0.266666666666667,8,1
"2753",92,1,8,0.1,3,1
"2754",92,1,9,0.1,3,1
"2755",92,1,10,0.166666666666667,5,1
"2756",92,1,11,0.233333333333333,7,1
"2757",92,1,12,0.3,9,1
"2758",92,1,13,0.266666666666667,8,1
"2759",92,1,14,0.333333333333333,10,1
"2760",92,1,15,0.266666666666667,8,1
"2761",93,0,1,0.3,9,0
"2762",93,0,2,0.233333333333333,7,0
"2763",93,0,3,0.166666666666667,5,0
"2764",93,0,4,0.2,6,0
"2765",93,0,5,0.2,6,0
"2766",93,0,6,0.333333333333333,10,1
"2767",93,0,7,0.133333333333333,4,1
"2768",93,0,8,0.133333333333333,4,1
"2769",93,0,9,0.3,9,1
"2770",93,0,10,0.133333333333333,4,1
"2771",93,0,11,0.3,9,1
"2772",93,0,12,0.266666666666667,8,1
"2773",93,0,13,0.3,9,1
"2774",93,0,14,0.366666666666667,11,1
"2775",93,0,15,0.366666666666667,11,1
"2776",93,1,1,0.1,3,0
"2777",93,1,2,0.166666666666667,5,0
"2778",93,1,3,0.133333333333333,4,0
"2779",93,1,4,0.1,3,0
"2780",93,1,5,0.133333333333333,4,0
"2781",93,1,6,0.233333333333333,7,1
"2782",93,1,7,0.333333333333333,10,1
"2783",93,1,8,0.333333333333333,10,1
"2784",93,1,9,0.333333333333333,10,1
"2785",93,1,10,0.333333333333333,10,1
"2786",93,1,11,0.466666666666667,14,1
"2787",93,1,12,0.366666666666667,11,1
"2788",93,1,13,0.366666666666667,11,1
"2789",93,1,14,0.4,12,1
"2790",93,1,15,0.4,12,1
"2791",94,0,1,0.166666666666667,5,0
"2792",94,0,2,0.133333333333333,4,0
"2793",94,0,3,0.166666666666667,5,0
"2794",94,0,4,0.2,6,0
"2795",94,0,5,0.2,6,0
"2796",94,0,6,0.2,6,1
"2797",94,0,7,0.1,3,1
"2798",94,0,8,0.1,3,1
"2799",94,0,9,0.133333333333333,4,1
"2800",94,0,10,0.2,6,1
"2801",94,0,11,0.3,9,1
"2802",94,0,12,0.266666666666667,8,1
"2803",94,0,13,0.266666666666667,8,1
"2804",94,0,14,0.433333333333333,13,1
"2805",94,0,15,0.366666666666667,11,1
"2806",94,1,1,0.233333333333333,7,0
"2807",94,1,2,0.133333333333333,4,0
"2808",94,1,3,0.2,6,0
"2809",94,1,4,0.166666666666667,5,0
"2810",94,1,5,0.3,9,0
"2811",94,1,6,0.3,9,1
"2812",94,1,7,0.433333333333333,13,1
"2813",94,1,8,0.433333333333333,13,1
"2814",94,1,9,0.466666666666667,14,1
"2815",94,1,10,0.433333333333333,13,1
"2816",94,1,11,0.7,21,1
"2817",94,1,12,0.633333333333333,19,1
"2818",94,1,13,0.7,21,1
"2819",94,1,14,0.733333333333333,22,1
"2820",94,1,15,0.8,24,1
"2821",95,0,1,0.133333333333333,4,0
"2822",95,0,2,0.333333333333333,10,0
"2823",95,0,3,0.133333333333333,4,0
"2824",95,0,4,0.166666666666667,5,0
"2825",95,0,5,0.266666666666667,8,0
"2826",95,0,6,0.233333333333333,7,1
"2827",95,0,7,0.133333333333333,4,1
"2828",95,0,8,0.166666666666667,5,1
"2829",95,0,9,0.1,3,1
"2830",95,0,10,0.166666666666667,5,1
"2831",95,0,11,0.266666666666667,8,1
"2832",95,0,12,0.233333333333333,7,1
"2833",95,0,13,0.2,6,1
"2834",95,0,14,0.133333333333333,4,1
"2835",95,0,15,0.133333333333333,4,1
"2836",95,1,1,0.2,6,0
"2837",95,1,2,0.233333333333333,7,0
"2838",95,1,3,0.2,6,0
"2839",95,1,4,0.266666666666667,8,0
"2840",95,1,5,0.2,6,0
"2841",95,1,6,0.133333333333333,4,1
"2842",95,1,7,0.366666666666667,11,1
"2843",95,1,8,0.5,15,1
"2844",95,1,9,0.5,15,1
"2845",95,1,10,0.6,18,1
"2846",95,1,11,0.766666666666667,23,1
"2847",95,1,12,0.766666666666667,23,1
"2848",95,1,13,0.8,24,1
"2849",95,1,14,0.733333333333333,22,1
"2850",95,1,15,0.766666666666667,23,1
"2851",96,0,1,0.2,6,0
"2852",96,0,2,0.2,6,0
"2853",96,0,3,0.266666666666667,8,0
"2854",96,0,4,0.266666666666667,8,0
"2855",96,0,5,0.3,9,0
"2856",96,0,6,0.333333333333333,10,1
"2857",96,0,7,0.366666666666667,11,1
"2858",96,0,8,0.3,9,1
"2859",96,0,9,0.166666666666667,5,1
"2860",96,0,10,0.366666666666667,11,1
"2861",96,0,11,0.433333333333333,13,1
"2862",96,0,12,0.3,9,1
"2863",96,0,13,0.266666666666667,8,1
"2864",96,0,14,0.466666666666667,14,1
"2865",96,0,15,0.333333333333333,10,1
"2866",96,1,1,0.3,9,0
"2867",96,1,2,0.333333333333333,10,0
"2868",96,1,3,0.133333333333333,4,0
"2869",96,1,4,0.2,6,0
"2870",96,1,5,0.166666666666667,5,0
"2871",96,1,6,0.166666666666667,5,1
"2872",96,1,7,0.4,12,1
"2873",96,1,8,0.4,12,1
"2874",96,1,9,0.666666666666667,20,1
"2875",96,1,10,0.6,18,1
"2876",96,1,11,0.7,21,1
"2877",96,1,12,0.7,21,1
"2878",96,1,13,0.866666666666667,26,1
"2879",96,1,14,0.9,27,1
"2880",96,1,15,0.833333333333333,25,1
"2881",97,0,1,0.133333333333333,4,0
"2882",97,0,2,0.2,6,0
"2883",97,0,3,0.1,3,0
"2884",97,0,4,0.2,6,0
"2885",97,0,5,0.166666666666667,5,0
"2886",97,0,6,0.166666666666667,5,1
"2887",97,0,7,0.2,6,1
"2888",97,0,8,0.2,6,1
"2889",97,0,9,0.266666666666667,8,1
"2890",97,0,10,0.166666666666667,5,1
"2891",97,0,11,0.266666666666667,8,1
"2892",97,0,12,0.233333333333333,7,1
"2893",97,0,13,0.3,9,1
"2894",97,0,14,0.266666666666667,8,1
"2895",97,0,15,0.2,6,1
"2896",97,1,1,0.0666666666666667,2,0
"2897",97,1,2,0.2,6,0
"2898",97,1,3,0.0666666666666667,2,0
"2899",97,1,4,0.166666666666667,5,0
"2900",97,1,5,0.1,3,0
"2901",97,1,6,0.133333333333333,4,1
"2902",97,1,7,0.2,6,1
"2903",97,1,8,0.233333333333333,7,1
"2904",97,1,9,0.3,9,1
"2905",97,1,10,0.333333333333333,10,1
"2906",97,1,11,0.433333333333333,13,1
"2907",97,1,12,0.3,9,1
"2908",97,1,13,0.333333333333333,10,1
"2909",97,1,14,0.466666666666667,14,1
"2910",97,1,15,0.266666666666667,8,1
"2911",98,0,1,0.0666666666666667,2,0
"2912",98,0,2,0.0666666666666667,2,0
"2913",98,0,3,0.0666666666666667,2,0
"2914",98,0,4,0.166666666666667,5,0
"2915",98,0,5,0.233333333333333,7,0
"2916",98,0,6,0.1,3,1
"2917",98,0,7,0.1,3,1
"2918",98,0,8,0.166666666666667,5,1
"2919",98,0,9,0.1,3,1
"2920",98,0,10,0.2,6,1
"2921",98,0,11,0.0666666666666667,2,1
"2922",98,0,12,0.166666666666667,5,1
"2923",98,0,13,0.233333333333333,7,1
"2924",98,0,14,0.133333333333333,4,1
"2925",98,0,15,0.266666666666667,8,1
"2926",98,1,1,0.133333333333333,4,0
"2927",98,1,2,0.266666666666667,8,0
"2928",98,1,3,0.166666666666667,5,0
"2929",98,1,4,0.1,3,0
"2930",98,1,5,0.233333333333333,7,0
"2931",98,1,6,0.3,9,1
"2932",98,1,7,0.333333333333333,10,1
"2933",98,1,8,0.4,12,1
"2934",98,1,9,0.433333333333333,13,1
"2935",98,1,10,0.4,12,1
"2936",98,1,11,0.333333333333333,10,1
"2937",98,1,12,0.433333333333333,13,1
"2938",98,1,13,0.533333333333333,16,1
"2939",98,1,14,0.466666666666667,14,1
"2940",98,1,15,0.566666666666667,17,1
"2941",99,0,1,0.166666666666667,5,0
"2942",99,0,2,0.1,3,0
"2943",99,0,3,0.166666666666667,5,0
"2944",99,0,4,0.2,6,0
"2945",99,0,5,0.233333333333333,7,0
"2946",99,0,6,0.366666666666667,11,1
"2947",99,0,7,0.166666666666667,5,1
"2948",99,0,8,0.3,9,1
"2949",99,0,9,0.433333333333333,13,1
"2950",99,0,10,0.233333333333333,7,1
"2951",99,0,11,0.333333333333333,10,1
"2952",99,0,12,0.266666666666667,8,1
"2953",99,0,13,0.366666666666667,11,1
"2954",99,0,14,0.266666666666667,8,1
"2955",99,0,15,0.4,12,1
"2956",99,1,1,0.166666666666667,5,0
"2957",99,1,2,0.2,6,0
"2958",99,1,3,0.2,6,0
"2959",99,1,4,0.233333333333333,7,0
"2960",99,1,5,0.166666666666667,5,0
"2961",99,1,6,0.4,12,1
"2962",99,1,7,0.366666666666667,11,1
"2963",99,1,8,0.5,15,1
"2964",99,1,9,0.5,15,1
"2965",99,1,10,0.666666666666667,20,1
"2966",99,1,11,0.6,18,1
"2967",99,1,12,0.7,21,1
"2968",99,1,13,0.9,27,1
"2969",99,1,14,0.833333333333333,25,1
"2970",99,1,15,0.833333333333333,25,1
"2971",100,0,1,0.1,3,0
"2972",100,0,2,0.166666666666667,5,0
"2973",100,0,3,0.133333333333333,4,0
"2974",100,0,4,0.166666666666667,5,0
"2975",100,0,5,0.1,3,0
"2976",100,0,6,0.2,6,1
"2977",100,0,7,0.1,3,1
"2978",100,0,8,0.1,3,1
"2979",100,0,9,0.233333333333333,7,1
"2980",100,0,10,0.2,6,1
"2981",100,0,11,0.2,6,1
"2982",100,0,12,0.266666666666667,8,1
"2983",100,0,13,0.133333333333333,4,1
"2984",100,0,14,0.133333333333333,4,1
"2985",100,0,15,0.2,6,1
"2986",100,1,1,0.1,3,0
"2987",100,1,2,0.133333333333333,4,0
"2988",100,1,3,0.0333333333333333,1,0
"2989",100,1,4,0.0666666666666667,2,0
"2990",100,1,5,0.1,3,0
"2991",100,1,6,0.233333333333333,7,1
"2992",100,1,7,0.2,6,1
"2993",100,1,8,0.233333333333333,7,1
"2994",100,1,9,0.266666666666667,8,1
"2995",100,1,10,0.333333333333333,10,1
"2996",100,1,11,0.466666666666667,14,1
"2997",100,1,12,0.333333333333333,10,1
"2998",100,1,13,0.633333333333333,19,1
"2999",100,1,14,0.533333333333333,16,1
"3000",100,1,15,0.5,15,1
